model,system,best_params,precision,recall,f1,accuracy,tp,fp,tn,fn,num_train,num_pos_trn,num_neg_trn,num_test,num_pos_test,num_neg_test
decisionTree,cross-apache-ant-1.10.6,"{'criterion': 'entropy', 'max_depth': 10, 'splitter': 'best'}",14.782608695652174,42.76729559748428,21.97092084006462,96.16484040019057,68,392,12043,91,30505,6101,24404,12594,159,12435
decisionTree,cross-apache-httpcomponents-4.5.9,"{'criterion': 'entropy', 'max_depth': 10, 'splitter': 'best'}",15.789473684210526,26.08695652173913,19.672131147540984,96.9269363436814,12,64,3079,34,42120,8424,33696,3189,46,3143
decisionTree,cross-argouml-0.35.4,"{'criterion': 'entropy', 'max_depth': 10, 'splitter': 'best'}",3.6585365853658534,6.25,4.615384615384615,98.83982035928143,3,79,10561,45,32748,6549,26199,10688,48,10640
decisionTree,cross-jedit-5.6pre0,"{'criterion': 'entropy', 'max_depth': 10, 'splitter': 'best'}",24.8062015503876,47.76119402985074,32.6530612244898,97.22163754998948,32,97,4587,35,40193,8038,32155,4751,67,4684
decisionTree,cross-joda_time-2.10.3,"{'criterion': 'entropy', 'max_depth': 10, 'splitter': 'best'}",5.0,5.769230769230769,5.357142857142857,95.41720709035884,3,57,2204,49,43222,8644,34578,2313,52,2261
decisionTree,cross-swarm-2.8.11,"{'criterion': 'entropy', 'max_depth': 10, 'splitter': 'best'}",42.5531914893617,34.48275862068966,38.0952380952381,90.81920903954803,20,27,623,38,45236,9047,36189,708,58,650
decisionTree,cross-checkstyle-8.35,"{'criterion': 'entropy', 'max_depth': 10, 'splitter': 'best'}",7.6923076923076925,9.090909090909092,8.333333333333334,96.15384615384616,2,24,1098,20,44646,8929,35717,1144,22,1122
decisionTree,cross-jabref-5.0,"{'criterion': 'entropy', 'max_depth': 10, 'splitter': 'best'}",48.0,30.76923076923077,37.50000000000001,95.8592132505176,12,13,914,27,44890,8978,35912,966,39,927
decisionTree,cross-log4j-2.13.3,"{'criterion': 'entropy', 'max_depth': 10, 'splitter': 'best'}",34.375,19.298245614035086,24.719101123595507,93.52030947775629,11,21,956,46,44827,8965,35862,1034,57,977
decisionTree,10-fold_0,"{'criterion': 'entropy', 'max_depth': 10, 'splitter': 'best'}",18.947368421052634,32.72727272727273,24.0,96.92749977540203,54,231,10735,111,32341,6468,25873,11131,165,10966
decisionTree,10-fold_1,"{'criterion': 'gini', 'max_depth': 10, 'splitter': 'best'}",20.54380664652568,41.717791411042946,27.530364372469634,96.79268948217165,68,263,10736,95,32300,6460,25840,11162,163,10999
decisionTree,10-fold_2,"{'criterion': 'entropy', 'max_depth': 10, 'splitter': 'best'}",28.30188679245283,40.26845637583892,33.2409972299169,97.81028529892785,60,152,10705,89,32477,6495,25982,11006,149,10857
decisionTree,10-fold_3,"{'criterion': 'entropy', 'max_depth': 10, 'splitter': 'best'}",24.90272373540856,41.29032258064516,31.067961165048548,97.42403628117914,64,193,10677,91,32461,6492,25969,11025,155,10870
decisionTree,10-fold_4,"{'criterion': 'entropy', 'max_depth': 10, 'splitter': 'best'}",22.761194029850746,37.65432098765432,28.372093023255818,97.2,61,207,10631,101,32501,6500,26001,11000,162,10838
