model,system,best_params,precision,recall,f1,accuracy,tp,fp,tn,fn,num_train,num_pos_trn,num_neg_trn,num_test,num_pos_test,num_neg_test
decisionTree,cross-apache-ant-1.10.6,"{'criterion': 'gini', 'max_depth': 10, 'splitter': 'random'}",25.0,18.238993710691823,21.09090909090909,98.27695728124503,29,87,12348,130,24793,389,24404,12594,159,12435
decisionTree,cross-apache-httpcomponents-4.5.9,"{'criterion': 'entropy', 'max_depth': 10, 'splitter': 'best'}",20.454545454545457,19.565217391304348,20.0,97.74223894637818,9,35,3108,37,34198,502,33696,3189,46,3143
decisionTree,cross-argouml-0.35.4,"{'criterion': 'entropy', 'max_depth': 10, 'splitter': 'random'}",4.411764705882353,6.25,5.172413793103448,98.97080838323353,3,65,10575,45,26699,500,26199,10688,48,10640
decisionTree,cross-jedit-5.6pre0,"{'criterion': 'entropy', 'max_depth': 10, 'splitter': 'random'}",37.5,17.91044776119403,24.242424242424242,98.42138497158493,12,20,4664,55,32636,481,32155,4751,67,4684
decisionTree,cross-joda_time-2.10.3,"{'criterion': 'entropy', 'max_depth': 10, 'splitter': 'best'}",32.18390804597701,53.84615384615385,40.28776978417267,96.41158668396022,28,59,2202,24,35074,496,34578,2313,52,2261
decisionTree,cross-swarm-2.8.11,"{'criterion': 'entropy', 'max_depth': 10, 'splitter': 'best'}",92.3076923076923,20.689655172413794,33.80281690140845,93.36158192090396,12,1,649,46,36679,490,36189,708,58,650
decisionTree,cross-checkstyle-8.35,"{'criterion': 'entropy', 'max_depth': 10, 'splitter': 'best'}",10.0,4.545454545454546,6.250000000000002,97.37762237762237,1,9,1113,21,36243,526,35717,1144,22,1122
decisionTree,cross-jabref-5.0,"{'criterion': 'entropy', 'max_depth': 10, 'splitter': 'best'}",18.75,15.384615384615385,16.901408450704224,93.89233954451346,6,26,901,33,36421,509,35912,966,39,927
decisionTree,cross-log4j-2.13.3,"{'criterion': 'entropy', 'max_depth': 10, 'splitter': 'best'}",19.35483870967742,10.526315789473683,13.636363636363635,92.64990328820116,6,25,952,51,36353,491,35862,1034,57,977
decisionTree,10-fold_0,"{'criterion': 'entropy', 'max_depth': 8, 'splitter': 'best'}",32.72727272727273,24.489795918367346,28.015564202334637,98.35027644016408,36,74,10993,111,26173,401,25772,11214,147,11067
decisionTree,10-fold_1,"{'criterion': 'entropy', 'max_depth': 10, 'splitter': 'best'}",26.633165829145728,34.868421052631575,30.1994301994302,97.79596977329975,53,146,10818,99,26271,396,25875,11116,152,10964
decisionTree,10-fold_2,"{'criterion': 'entropy', 'max_depth': 10, 'splitter': 'best'}",31.901840490797547,33.98692810457516,32.91139240506329,98.13232314333538,52,111,11087,101,26036,395,25641,11351,153,11198
decisionTree,10-fold_3,"{'criterion': 'entropy', 'max_depth': 10, 'splitter': 'best'}",35.0,32.666666666666664,33.793103448275865,98.28739630719828,49,91,10970,101,26176,398,25778,11211,150,11061
decisionTree,10-fold_4,"{'criterion': 'entropy', 'max_depth': 10, 'splitter': 'best'}",23.404255319148938,32.11678832116788,27.076923076923077,97.86621049788423,44,144,10826,93,26280,411,25869,11107,137,10970
