model,system,best_params,precision,recall,f1,accuracy,tp,fp,tn,fn,num_train,num_pos_trn,num_neg_trn,num_test,num_pos_test,num_neg_test
decisionTree,cross-apache-ant-1.10.6,"{'criterion': 'entropy', 'max_depth': 10, 'splitter': 'best'}",35.0,8.80503144654088,14.07035175879397,98.64221057646499,14,26,12409,145,24793,389,24404,12594,159,12435
decisionTree,cross-apache-httpcomponents-4.5.9,"{'criterion': 'entropy', 'max_depth': 10, 'splitter': 'best'}",50.0,17.391304347826086,25.806451612903224,98.55754154907494,8,8,3135,38,34198,502,33696,3189,46,3143
decisionTree,cross-argouml-0.35.4,"{'criterion': 'gini', 'max_depth': 10, 'splitter': 'random'}",12.5,8.333333333333332,10.0,99.32634730538922,4,28,10612,44,26699,500,26199,10688,48,10640
decisionTree,cross-jedit-5.6pre0,"{'criterion': 'entropy', 'max_depth': 10, 'splitter': 'random'}",60.0,4.477611940298507,8.333333333333332,98.61081877499474,3,2,4682,64,32636,481,32155,4751,67,4684
decisionTree,cross-joda_time-2.10.3,"{'criterion': 'entropy', 'max_depth': 10, 'splitter': 'best'}",50.0,17.307692307692307,25.71428571428571,97.75183744055339,9,9,2252,43,35074,496,34578,2313,52,2261
decisionTree,cross-swarm-2.8.11,"{'criterion': 'entropy', 'max_depth': 10, 'splitter': 'best'}",80.0,20.689655172413794,32.87671232876712,93.07909604519774,12,3,647,46,36679,490,36189,708,58,650
decisionTree,cross-checkstyle-8.35,"{'criterion': 'gini', 'max_depth': 10, 'splitter': 'best'}",57.14285714285714,18.181818181818183,27.586206896551722,98.16433566433567,4,3,1119,18,36243,526,35717,1144,22,1122
decisionTree,cross-jabref-5.0,"{'criterion': 'entropy', 'max_depth': 10, 'splitter': 'best'}",93.75,38.46153846153847,54.54545454545454,97.4120082815735,15,1,926,24,36421,509,35912,966,39,927
decisionTree,cross-log4j-2.13.3,"{'criterion': 'entropy', 'max_depth': 10, 'splitter': 'best'}",75.0,5.263157894736842,9.836065573770492,94.68085106382979,3,1,976,54,36353,491,35862,1034,57,977
decisionTree,10-fold_0,"{'criterion': 'entropy', 'max_depth': 10, 'splitter': 'best'}",56.81818181818182,15.337423312883436,24.154589371980677,98.59633437639697,25,19,11003,138,26202,385,25817,11185,163,11022
decisionTree,10-fold_1,"{'criterion': 'entropy', 'max_depth': 10, 'splitter': 'best'}",47.82608695652174,14.193548387096774,21.890547263681594,98.60270558917765,22,24,11057,133,26151,393,25758,11236,155,11081
decisionTree,10-fold_2,"{'criterion': 'entropy', 'max_depth': 10, 'splitter': 'best'}",56.14035087719298,18.39080459770115,27.705627705627705,98.51410267817423,32,25,11040,142,26148,374,25774,11239,174,11065
decisionTree,10-fold_3,"{'criterion': 'entropy', 'max_depth': 10, 'splitter': 'best'}",56.86274509803921,17.365269461077844,26.605504587155966,98.57600569597722,29,22,11047,138,26151,381,25770,11236,167,11069
decisionTree,10-fold_4,"{'criterion': 'entropy', 'max_depth': 10, 'splitter': 'best'}",55.88235294117647,11.728395061728394,19.387755102040817,98.60214102450678,19,15,11126,143,26084,386,25698,11303,162,11141
