model,system,best_params,precision,recall,f1,accuracy,tp,fp,tn,fn,num_train,num_pos_trn,num_neg_trn,num_test,num_pos_test,num_neg_test
decisionTree,cross-apache-ant-1.10.6,"{'criterion': 'entropy', 'max_depth': 10, 'splitter': 'best'}",19.53488372093023,26.41509433962264,22.45989304812834,97.69731618230904,42,173,12262,117,24793,389,24404,12594,159,12435
decisionTree,cross-apache-httpcomponents-4.5.9,"{'criterion': 'entropy', 'max_depth': 10, 'splitter': 'best'}",27.27272727272727,13.043478260869565,17.64705882352941,98.24396362496081,6,16,3127,40,34198,502,33696,3189,46,3143
decisionTree,cross-argouml-0.35.4,"{'criterion': 'entropy', 'max_depth': 8, 'splitter': 'best'}",7.8125,10.416666666666668,8.928571428571429,99.04565868263472,5,59,10581,43,26699,500,26199,10688,48,10640
decisionTree,cross-jedit-5.6pre0,"{'criterion': 'entropy', 'max_depth': 10, 'splitter': 'best'}",34.72222222222222,37.3134328358209,35.97122302158273,98.12671016628079,25,47,4637,42,32636,481,32155,4751,67,4684
decisionTree,cross-joda_time-2.10.3,"{'criterion': 'entropy', 'max_depth': 10, 'splitter': 'best'}",30.0,11.538461538461538,16.666666666666668,97.4059662775616,6,14,2247,46,35074,496,34578,2313,52,2261
decisionTree,cross-swarm-2.8.11,"{'criterion': 'entropy', 'max_depth': 10, 'splitter': 'best'}",76.47058823529412,22.413793103448278,34.66666666666667,93.07909604519774,13,4,646,45,36679,490,36189,708,58,650
decisionTree,cross-checkstyle-8.35,"{'criterion': 'entropy', 'max_depth': 10, 'splitter': 'best'}",13.333333333333334,9.090909090909092,10.81081081081081,97.11538461538461,2,13,1109,20,36243,526,35717,1144,22,1122
decisionTree,cross-jabref-5.0,"{'criterion': 'entropy', 'max_depth': 10, 'splitter': 'best'}",18.75,7.6923076923076925,10.90909090909091,94.92753623188406,3,13,914,36,36421,509,35912,966,39,927
decisionTree,cross-log4j-2.13.3,"{'criterion': 'entropy', 'max_depth': 10, 'splitter': 'best'}",34.78260869565217,14.035087719298245,20.0,93.81044487427465,8,15,962,49,36353,491,35862,1034,57,977
decisionTree,10-fold_0,"{'criterion': 'entropy', 'max_depth': 8, 'splitter': 'best'}",30.0,27.09677419354839,28.474576271186443,98.10558448554498,42,98,10885,113,26249,393,25856,11138,155,10983
decisionTree,10-fold_1,"{'criterion': 'entropy', 'max_depth': 8, 'splitter': 'best'}",36.08247422680412,19.662921348314608,25.454545454545457,98.18085011979768,35,62,11029,143,26118,370,25748,11269,178,11091
decisionTree,10-fold_2,"{'criterion': 'entropy', 'max_depth': 10, 'splitter': 'best'}",36.809815950920246,30.15075376884422,33.14917127071823,97.79498861047836,60,103,10673,139,26412,349,26063,10975,199,10776
decisionTree,10-fold_3,"{'criterion': 'entropy', 'max_depth': 10, 'splitter': 'best'}",36.734693877551024,33.12883435582822,34.83870967741935,98.16313540056379,54,93,10741,109,26390,385,26005,10997,163,10834
decisionTree,10-fold_4,"{'criterion': 'entropy', 'max_depth': 10, 'splitter': 'best'}",35.0,28.32369942196532,31.309904153354633,98.09143364403018,49,91,11001,124,26122,375,25747,11265,173,11092
