model,system,best_params,precision,recall,f1,accuracy,tp,fp,tn,fn,num_train,num_pos_trn,num_neg_trn,num_test,num_pos_test,num_neg_test
decisionTree,cross-apache-ant-1.10.6,"{'criterion': 'entropy', 'max_depth': 8, 'splitter': 'random'}",28.57142857142857,21.38364779874214,24.460431654676256,98.33253930443068,34,85,12350,125,24793,389,24404,12594,159,12435
decisionTree,cross-apache-httpcomponents-4.5.9,"{'criterion': 'entropy', 'max_depth': 8, 'splitter': 'random'}",4.733727810650888,17.391304347826086,7.441860465116279,93.75979931012857,8,161,2982,38,34198,502,33696,3189,46,3143
decisionTree,cross-argouml-0.35.4,"{'criterion': 'entropy', 'max_depth': 8, 'splitter': 'random'}",46.808510638297875,45.83333333333333,46.31578947368421,99.52282934131736,22,25,10615,26,26699,500,26199,10688,48,10640
decisionTree,cross-jedit-5.6pre0,"{'criterion': 'entropy', 'max_depth': 10, 'splitter': 'random'}",31.48148148148148,25.37313432835821,28.09917355371901,98.16880656703852,17,37,4647,50,32636,481,32155,4751,67,4684
decisionTree,cross-joda_time-2.10.3,"{'criterion': 'entropy', 'max_depth': 10, 'splitter': 'best'}",69.23076923076923,51.92307692307693,59.34065934065933,98.40034587116298,27,12,2249,25,35074,496,34578,2313,52,2261
decisionTree,cross-swarm-2.8.11,"{'criterion': 'entropy', 'max_depth': 8, 'splitter': 'best'}",83.33333333333334,25.862068965517242,39.473684210526315,93.50282485875707,15,3,647,43,36679,490,36189,708,58,650
decisionTree,cross-checkstyle-8.35,"{'criterion': 'entropy', 'max_depth': 10, 'splitter': 'best'}",38.46153846153847,22.727272727272727,28.57142857142857,97.8146853146853,5,8,1114,17,36243,526,35717,1144,22,1122
decisionTree,cross-jabref-5.0,"{'criterion': 'entropy', 'max_depth': 8, 'splitter': 'best'}",83.33333333333334,25.64102564102564,39.2156862745098,96.79089026915115,10,2,925,29,36421,509,35912,966,39,927
decisionTree,cross-log4j-2.13.3,"{'criterion': 'entropy', 'max_depth': 10, 'splitter': 'best'}",42.10526315789473,14.035087719298245,21.052631578947366,94.1972920696325,8,11,966,49,36353,491,35862,1034,57,977
decisionTree,10-fold_0,"{'criterion': 'entropy', 'max_depth': 8, 'splitter': 'best'}",52.85714285714286,22.981366459627328,32.03463203463203,98.59583221536535,37,33,10987,124,26206,387,25819,11181,161,11020
decisionTree,10-fold_1,"{'criterion': 'entropy', 'max_depth': 10, 'splitter': 'best'}",51.35135135135135,37.254901960784316,43.18181818181818,98.68108678448958,57,54,11166,96,26014,395,25619,11373,153,11220
decisionTree,10-fold_2,"{'criterion': 'entropy', 'max_depth': 10, 'splitter': 'random'}",65.28925619834712,43.646408839779006,52.31788079470198,98.72588922314634,79,42,11079,102,26085,367,25718,11302,181,11121
decisionTree,10-fold_3,"{'criterion': 'entropy', 'max_depth': 10, 'splitter': 'best'}",42.22222222222222,33.33333333333333,37.25490196078431,98.28157164593215,57,78,10924,114,26214,377,25837,11173,171,11002
decisionTree,10-fold_4,"{'criterion': 'entropy', 'max_depth': 8, 'splitter': 'random'}",48.95833333333333,30.92105263157895,37.903225806451616,98.636926889715,47,49,11097,105,26089,396,25693,11298,152,11146
