model,system,best_params,precision,recall,f1,accuracy,tp,fp,tn,fn,num_train,num_pos_trn,num_neg_trn,num_test,num_pos_test,num_neg_test
decisionTree,cross-apache-ant-1.10.6,"{'criterion': 'gini', 'max_depth': 10, 'splitter': 'best'}",26.08695652173913,11.320754716981133,15.789473684210526,98.47546450690805,18,51,12384,141,24793,389,24404,12594,159,12435
decisionTree,cross-apache-httpcomponents-4.5.9,"{'criterion': 'entropy', 'max_depth': 10, 'splitter': 'best'}",12.5,8.695652173913043,10.256410256410255,97.804954531201,4,28,3115,42,34198,502,33696,3189,46,3143
decisionTree,cross-argouml-0.35.4,"{'criterion': 'entropy', 'max_depth': 10, 'splitter': 'best'}",10.0,12.5,11.111111111111112,99.10179640718563,6,54,10586,42,26699,500,26199,10688,48,10640
decisionTree,cross-jedit-5.6pre0,"{'criterion': 'entropy', 'max_depth': 10, 'splitter': 'best'}",9.230769230769232,8.955223880597014,9.090909090909092,97.4742159545359,6,59,4625,61,32636,481,32155,4751,67,4684
decisionTree,cross-joda_time-2.10.3,"{'criterion': 'entropy', 'max_depth': 10, 'splitter': 'best'}",17.857142857142858,9.615384615384617,12.5,96.97362732382187,5,23,2238,47,35074,496,34578,2313,52,2261
decisionTree,cross-swarm-2.8.11,"{'criterion': 'entropy', 'max_depth': 10, 'splitter': 'best'}",63.63636363636363,12.068965517241379,20.289855072463766,92.2316384180791,7,4,646,51,36679,490,36189,708,58,650
decisionTree,cross-checkstyle-8.35,"{'criterion': 'entropy', 'max_depth': 10, 'splitter': 'best'}",6.451612903225806,9.090909090909092,7.547169811320755,95.71678321678321,2,29,1093,20,36243,526,35717,1144,22,1122
decisionTree,cross-jabref-5.0,"{'criterion': 'entropy', 'max_depth': 10, 'splitter': 'best'}",18.75,7.6923076923076925,10.90909090909091,94.92753623188406,3,13,914,36,36421,509,35912,966,39,927
decisionTree,cross-log4j-2.13.3,"{'criterion': 'entropy', 'max_depth': 8, 'splitter': 'best'}",20.0,7.017543859649122,10.38961038961039,93.32688588007737,4,16,961,53,36353,491,35862,1034,57,977
decisionTree,10-fold_0,"{'criterion': 'entropy', 'max_depth': 6, 'splitter': 'best'}",44.827586206896555,22.033898305084744,29.545454545454547,98.29763866007688,39,48,10701,138,26461,371,26090,10926,177,10749
decisionTree,10-fold_1,"{'criterion': 'entropy', 'max_depth': 10, 'splitter': 'random'}",34.57943925233645,25.517241379310345,29.36507936507936,98.41043043400607,37,70,10983,108,26189,403,25786,11198,145,11053
decisionTree,10-fold_2,"{'criterion': 'entropy', 'max_depth': 10, 'splitter': 'best'}",31.32530120481928,29.37853107344633,30.320699708454807,97.863209655789,52,114,10894,125,26202,371,25831,11185,177,11008
decisionTree,10-fold_3,"{'criterion': 'entropy', 'max_depth': 10, 'splitter': 'best'}",28.484848484848484,27.325581395348834,27.893175074183972,97.8159266582779,47,118,10836,125,26261,376,25885,11126,172,10954
decisionTree,10-fold_4,"{'criterion': 'entropy', 'max_depth': 10, 'splitter': 'random'}",38.4,29.09090909090909,33.10344827586207,98.25586622314124,48,77,10881,117,26264,383,25881,11123,165,10958
