model,system,best_params,precision,recall,f1,accuracy,tp,fp,tn,fn,num_train,num_pos_trn,num_neg_trn,num_test,num_pos_test,num_neg_test
decisionTree,cross-apache-ant-1.10.6,"{'criterion': 'gini', 'max_depth': 10, 'splitter': 'best'}",41.935483870967744,8.176100628930817,13.684210526315788,98.69779259965063,13,18,12417,146,24793,389,24404,12594,159,12435
decisionTree,cross-apache-httpcomponents-4.5.9,"{'criterion': 'gini', 'max_depth': 8, 'splitter': 'best'}",75.0,6.521739130434782,12.0,98.62025713389777,3,1,3142,43,34198,502,33696,3189,46,3143
decisionTree,cross-argouml-0.35.4,"{'criterion': 'gini', 'max_depth': 10, 'splitter': 'best'}",20.0,6.25,9.523809523809524,99.46669161676647,3,12,10628,45,26699,500,26199,10688,48,10640
decisionTree,cross-jedit-5.6pre0,"{'criterion': 'entropy', 'max_depth': 10, 'splitter': 'best'}",40.0,2.9850746268656714,5.555555555555556,98.56872237423701,2,3,4681,65,32636,481,32155,4751,67,4684
decisionTree,cross-joda_time-2.10.3,"{'criterion': 'gini', 'max_depth': 10, 'splitter': 'best'}",64.28571428571429,17.307692307692307,27.272727272727277,97.92477302204928,9,5,2256,43,35074,496,34578,2313,52,2261
decisionTree,cross-swarm-2.8.11,"{'criterion': 'gini', 'max_depth': 10, 'splitter': 'best'}",100.0,1.7241379310344827,3.389830508474576,91.94915254237289,1,0,650,57,36679,490,36189,708,58,650
decisionTree,cross-checkstyle-8.35,"{'criterion': 'gini', 'max_depth': 10, 'splitter': 'best'}",66.66666666666666,18.181818181818183,28.571428571428577,98.25174825174825,4,2,1120,18,36243,526,35717,1144,22,1122
decisionTree,cross-jabref-5.0,"{'criterion': 'gini', 'max_depth': 8, 'splitter': 'best'}",100.0,7.6923076923076925,14.285714285714288,96.27329192546584,3,0,927,36,36421,509,35912,966,39,927
decisionTree,cross-log4j-2.13.3,"{'criterion': 'gini', 'max_depth': 10, 'splitter': 'random'}",100.0,1.7543859649122806,3.4482758620689653,94.58413926499033,1,0,977,56,36353,491,35862,1034,57,977
decisionTree,10-fold_0,"{'criterion': 'gini', 'max_depth': 10, 'splitter': 'random'}",72.72727272727273,8.938547486033519,15.920398009950251,98.49012775842044,16,6,11008,163,26194,369,25825,11193,179,11014
decisionTree,10-fold_1,"{'criterion': 'entropy', 'max_depth': 10, 'splitter': 'best'}",51.28205128205128,11.834319526627219,19.23076923076923,98.49825690533656,20,19,10999,149,26200,379,25821,11187,169,11018
decisionTree,10-fold_2,"{'criterion': 'entropy', 'max_depth': 10, 'splitter': 'random'}",77.77777777777779,11.666666666666666,20.28985507246377,98.52110782468405,21,6,10971,159,26230,368,25862,11157,180,10977
decisionTree,10-fold_3,"{'criterion': 'gini', 'max_depth': 10, 'splitter': 'best'}",52.63157894736842,6.993006993006993,12.34567901234568,98.74057649667407,10,9,11123,133,26112,405,25707,11275,143,11132
decisionTree,10-fold_4,"{'criterion': 'entropy', 'max_depth': 10, 'splitter': 'best'}",38.88888888888889,4.545454545454546,8.139534883720929,98.59267836465662,7,11,11062,147,26160,394,25766,11227,154,11073
