model,system,best_params,precision,recall,f1,accuracy,tp,fp,tn,fn,num_train,num_pos_trn,num_neg_trn,num_test,num_pos_test,num_neg_test
decisionTree,cross-apache-ant-1.10.6,"{'criterion': 'gini', 'max_depth': 6, 'splitter': 'best'}",0.0,0.0,0.0,98.73749404478322,0,0,12435,159,30505,6101,24404,12594,159,12435
decisionTree,cross-apache-httpcomponents-4.5.9,"{'criterion': 'gini', 'max_depth': 6, 'splitter': 'best'}",0.0,0.0,0.0,98.55754154907494,0,0,3143,46,42120,8424,33696,3189,46,3143
decisionTree,cross-argouml-0.35.4,"{'criterion': 'gini', 'max_depth': 6, 'splitter': 'best'}",0.0,0.0,0.0,99.55089820359282,0,0,10640,48,32748,6549,26199,10688,48,10640
decisionTree,cross-jedit-5.6pre0,"{'criterion': 'gini', 'max_depth': 6, 'splitter': 'best'}",0.0,0.0,0.0,98.58977057461587,0,0,4684,67,40193,8038,32155,4751,67,4684
decisionTree,cross-joda_time-2.10.3,"{'criterion': 'gini', 'max_depth': 6, 'splitter': 'best'}",0.0,0.0,0.0,97.75183744055339,0,0,2261,52,43222,8644,34578,2313,52,2261
decisionTree,cross-swarm-2.8.11,"{'criterion': 'gini', 'max_depth': 6, 'splitter': 'best'}",0.0,0.0,0.0,91.80790960451978,0,0,650,58,45236,9047,36189,708,58,650
decisionTree,cross-checkstyle-8.35,"{'criterion': 'gini', 'max_depth': 6, 'splitter': 'best'}",0.0,0.0,0.0,98.07692307692307,0,0,1122,22,44646,8929,35717,1144,22,1122
decisionTree,cross-jabref-5.0,"{'criterion': 'gini', 'max_depth': 6, 'splitter': 'best'}",0.0,0.0,0.0,95.96273291925466,0,0,927,39,44890,8978,35912,966,39,927
decisionTree,cross-log4j-2.13.3,"{'criterion': 'gini', 'max_depth': 6, 'splitter': 'best'}",0.0,0.0,0.0,94.48742746615088,0,0,977,57,44827,8965,35862,1034,57,977
decisionTree,10-fold_0,"{'criterion': 'gini', 'max_depth': 6, 'splitter': 'best'}",0.0,0.0,0.0,98.48999285203716,0,0,11023,169,32270,6454,25816,11192,169,11023
decisionTree,10-fold_1,"{'criterion': 'gini', 'max_depth': 6, 'splitter': 'best'}",0.0,0.0,0.0,98.76793100413623,0,0,11223,140,32020,6404,25616,11363,140,11223
decisionTree,10-fold_2,"{'criterion': 'gini', 'max_depth': 6, 'splitter': 'best'}",0.0,0.0,0.0,98.34006280843428,0,0,10960,185,32348,6469,25879,11145,185,10960
decisionTree,10-fold_3,"{'criterion': 'gini', 'max_depth': 6, 'splitter': 'best'}",0.0,0.0,0.0,98.59825680654147,0,0,10973,156,32332,6466,25866,11129,156,10973
decisionTree,10-fold_4,"{'criterion': 'gini', 'max_depth': 6, 'splitter': 'best'}",0.0,0.0,0.0,98.52160056657225,0,0,11129,167,32137,6427,25710,11296,167,11129
