model,system,best_params,precision,recall,f1,accuracy,tp,fp,tn,fn,num_train,num_pos_trn,num_neg_trn,num_test,num_pos_test,num_neg_test
decisionTree,cross-apache-ant-1.10.6,"{'criterion': 'gini', 'max_depth': 6, 'splitter': 'best'}",0.0,0.0,0.0,98.73749404478322,0,0,12435,159,24793,389,24404,12594,159,12435
decisionTree,cross-apache-httpcomponents-4.5.9,"{'criterion': 'gini', 'max_depth': 6, 'splitter': 'best'}",0.0,0.0,0.0,98.55754154907494,0,0,3143,46,34198,502,33696,3189,46,3143
decisionTree,cross-argouml-0.35.4,"{'criterion': 'gini', 'max_depth': 6, 'splitter': 'best'}",0.0,0.0,0.0,99.55089820359282,0,0,10640,48,26699,500,26199,10688,48,10640
decisionTree,cross-jedit-5.6pre0,"{'criterion': 'gini', 'max_depth': 6, 'splitter': 'best'}",0.0,0.0,0.0,98.58977057461587,0,0,4684,67,32636,481,32155,4751,67,4684
decisionTree,cross-joda_time-2.10.3,"{'criterion': 'gini', 'max_depth': 6, 'splitter': 'best'}",0.0,0.0,0.0,97.75183744055339,0,0,2261,52,35074,496,34578,2313,52,2261
decisionTree,cross-swarm-2.8.11,"{'criterion': 'gini', 'max_depth': 6, 'splitter': 'best'}",0.0,0.0,0.0,91.80790960451978,0,0,650,58,36679,490,36189,708,58,650
decisionTree,cross-checkstyle-8.35,"{'criterion': 'gini', 'max_depth': 6, 'splitter': 'best'}",0.0,0.0,0.0,98.07692307692307,0,0,1122,22,36243,526,35717,1144,22,1122
decisionTree,cross-jabref-5.0,"{'criterion': 'gini', 'max_depth': 6, 'splitter': 'best'}",0.0,0.0,0.0,95.96273291925466,0,0,927,39,36421,509,35912,966,39,927
decisionTree,cross-log4j-2.13.3,"{'criterion': 'gini', 'max_depth': 6, 'splitter': 'best'}",0.0,0.0,0.0,94.48742746615088,0,0,977,57,36353,491,35862,1034,57,977
decisionTree,10-fold_0,"{'criterion': 'gini', 'max_depth': 6, 'splitter': 'best'}",0.0,0.0,0.0,98.58312065475666,0,0,11202,161,26024,387,25637,11363,161,11202
decisionTree,10-fold_1,"{'criterion': 'gini', 'max_depth': 6, 'splitter': 'best'}",0.0,0.0,0.0,98.62209974219931,0,0,11094,155,26138,393,25745,11249,155,11094
decisionTree,10-fold_2,"{'criterion': 'gini', 'max_depth': 6, 'splitter': 'best'}",0.0,0.0,0.0,98.62527716186253,0,0,11120,155,26112,393,25719,11275,155,11120
decisionTree,10-fold_3,"{'criterion': 'gini', 'max_depth': 6, 'splitter': 'best'}",0.0,0.0,0.0,98.67785173702927,0,0,10822,145,26420,403,26017,10967,145,10822
decisionTree,10-fold_4,"{'criterion': 'gini', 'max_depth': 6, 'splitter': 'best'}",0.0,0.0,0.0,98.7039322870746,0,0,11195,147,26045,401,25644,11342,147,11195
