model,system,best_params,precision,recall,f1,accuracy,tp,fp,tn,fn,num_train,num_pos_trn,num_neg_trn,num_test,num_pos_test,num_neg_test
decisionTree,cross-apache-ant-1.10.6,"{'criterion': 'entropy', 'max_depth': 10, 'splitter': 'best'}",21.153846153846153,6.918238993710692,10.42654028436019,98.4992853739876,11,41,12394,148,24793,389,24404,12594,159,12435
decisionTree,cross-apache-httpcomponents-4.5.9,"{'criterion': 'entropy', 'max_depth': 10, 'splitter': 'best'}",16.666666666666664,6.521739130434782,9.375000000000002,98.18124804013797,3,15,3128,43,34198,502,33696,3189,46,3143
decisionTree,cross-argouml-0.35.4,"{'criterion': 'gini', 'max_depth': 10, 'splitter': 'best'}",19.51219512195122,16.666666666666664,17.977528089887638,99.31699101796407,8,33,10607,40,26699,500,26199,10688,48,10640
decisionTree,cross-jedit-5.6pre0,"{'criterion': 'entropy', 'max_depth': 10, 'splitter': 'best'}",22.22222222222222,2.9850746268656714,5.2631578947368425,98.48452957272154,2,7,4677,65,32636,481,32155,4751,67,4684
decisionTree,cross-joda_time-2.10.3,"{'criterion': 'entropy', 'max_depth': 10, 'splitter': 'best'}",60.0,11.538461538461538,19.35483870967742,97.83830523130133,6,4,2257,46,35074,496,34578,2313,52,2261
decisionTree,cross-swarm-2.8.11,"{'criterion': 'gini', 'max_depth': 10, 'splitter': 'best'}",87.5,12.068965517241379,21.21212121212121,92.65536723163842,7,1,649,51,36679,490,36189,708,58,650
decisionTree,cross-checkstyle-8.35,"{'criterion': 'entropy', 'max_depth': 8, 'splitter': 'random'}",0.0,0.0,0.0,97.8146853146853,0,3,1119,22,36243,526,35717,1144,22,1122
decisionTree,cross-jabref-5.0,"{'criterion': 'entropy', 'max_depth': 10, 'splitter': 'best'}",50.0,7.6923076923076925,13.333333333333336,95.96273291925466,3,3,924,36,36421,509,35912,966,39,927
decisionTree,cross-log4j-2.13.3,"{'criterion': 'entropy', 'max_depth': 10, 'splitter': 'best'}",60.0,10.526315789473683,17.910447761194025,94.68085106382979,6,4,973,51,36353,491,35862,1034,57,977
decisionTree,10-fold_0,"{'criterion': 'entropy', 'max_depth': 10, 'splitter': 'random'}",54.54545454545454,24.489795918367346,33.80281690140845,98.76445846477392,36,30,11235,111,25975,401,25574,11412,147,11265
decisionTree,10-fold_1,"{'criterion': 'entropy', 'max_depth': 10, 'splitter': 'best'}",48.38709677419355,17.75147928994083,25.97402597402597,98.47647897362795,30,32,11023,139,26163,379,25784,11224,169,11055
decisionTree,10-fold_2,"{'criterion': 'entropy', 'max_depth': 10, 'splitter': 'random'}",57.446808510638306,20.149253731343283,29.83425414364641,98.89005418633106,27,20,11288,107,25945,414,25531,11442,134,11308
decisionTree,10-fold_3,"{'criterion': 'entropy', 'max_depth': 8, 'splitter': 'random'}",62.0,18.235294117647058,28.18181818181818,98.56650335692252,31,19,10833,139,26365,378,25987,11022,170,10852
decisionTree,10-fold_4,"{'criterion': 'entropy', 'max_depth': 10, 'splitter': 'random'}",58.18181818181818,20.51282051282051,30.33175355450237,98.69147231618301,32,23,11055,124,26153,392,25761,11234,156,11078
