model,system,best_params,precision,recall,f1,accuracy,tp,fp,tn,fn,num_train,num_pos_trn,num_neg_trn,num_test,num_pos_test,num_neg_test
decisionTree,cross-apache-ant-1.10.6,"{'criterion': 'entropy', 'max_depth': 10, 'splitter': 'best'}",10.44776119402985,4.40251572327044,6.194690265486726,98.31665872637764,7,60,12375,152,24793,389,24404,12594,159,12435
decisionTree,cross-apache-httpcomponents-4.5.9,"{'criterion': 'entropy', 'max_depth': 10, 'splitter': 'random'}",57.14285714285714,17.391304347826086,26.666666666666668,98.62025713389777,8,6,3137,38,34198,502,33696,3189,46,3143
decisionTree,cross-argouml-0.35.4,"{'criterion': 'entropy', 'max_depth': 10, 'splitter': 'best'}",32.467532467532465,52.083333333333336,40.0,99.29827844311377,25,52,10588,23,26699,500,26199,10688,48,10640
decisionTree,cross-jedit-5.6pre0,"{'criterion': 'entropy', 'max_depth': 10, 'splitter': 'best'}",59.09090909090909,19.402985074626866,29.213483146067414,98.67396337613134,13,9,4675,54,32636,481,32155,4751,67,4684
decisionTree,cross-joda_time-2.10.3,"{'criterion': 'entropy', 'max_depth': 10, 'splitter': 'best'}",25.0,9.615384615384617,13.88888888888889,97.31949848681366,5,15,2246,47,35074,496,34578,2313,52,2261
decisionTree,cross-swarm-2.8.11,"{'criterion': 'entropy', 'max_depth': 10, 'splitter': 'best'}",100.0,22.413793103448278,36.61971830985916,93.64406779661016,13,0,650,45,36679,490,36189,708,58,650
decisionTree,cross-checkstyle-8.35,"{'criterion': 'entropy', 'max_depth': 10, 'splitter': 'best'}",33.33333333333333,18.181818181818183,23.529411764705884,97.72727272727273,4,8,1114,18,36243,526,35717,1144,22,1122
decisionTree,cross-jabref-5.0,"{'criterion': 'entropy', 'max_depth': 10, 'splitter': 'best'}",84.61538461538461,28.205128205128204,42.30769230769231,96.8944099378882,11,2,925,28,36421,509,35912,966,39,927
decisionTree,cross-log4j-2.13.3,"{'criterion': 'entropy', 'max_depth': 10, 'splitter': 'best'}",100.0,10.526315789473683,19.04761904761905,95.06769825918762,6,0,977,51,36353,491,35862,1034,57,977
decisionTree,10-fold_0,"{'criterion': 'entropy', 'max_depth': 10, 'splitter': 'best'}",69.6078431372549,35.858585858585855,47.333333333333336,98.56441940759586,71,31,10777,127,26381,350,26031,11006,198,10808
decisionTree,10-fold_1,"{'criterion': 'entropy', 'max_depth': 10, 'splitter': 'best'}",65.9090909090909,32.7683615819209,43.77358490566038,98.6930970967459,58,30,11194,119,25986,371,25615,11401,177,11224
decisionTree,10-fold_2,"{'criterion': 'entropy', 'max_depth': 10, 'splitter': 'best'}",61.165048543689316,33.68983957219251,43.44827586206896,98.52358660424919,63,40,10881,124,26279,361,25918,11108,187,10921
decisionTree,10-fold_3,"{'criterion': 'entropy', 'max_depth': 10, 'splitter': 'random'}",70.23809523809523,35.32934131736527,47.01195219123506,98.82123548701587,59,25,11091,108,26104,381,25723,11283,167,11116
decisionTree,10-fold_4,"{'criterion': 'entropy', 'max_depth': 10, 'splitter': 'best'}",61.386138613861384,38.036809815950924,46.96969696969697,98.75798438608942,62,39,11070,101,26115,385,25730,11272,163,11109
