model,system,best_params,precision,recall,f1,accuracy,tp,fp,tn,fn,num_train,num_pos_trn,num_neg_trn,num_test,num_pos_test,num_neg_test
decisionTree,cross-apache-ant-1.10.6,"{'criterion': 'entropy', 'max_depth': 8, 'splitter': 'random'}",23.076923076923077,11.320754716981133,15.189873417721516,98.40400190566938,18,60,12375,141,24793,389,24404,12594,159,12435
decisionTree,cross-apache-httpcomponents-4.5.9,"{'criterion': 'entropy', 'max_depth': 10, 'splitter': 'random'}",4.375,15.217391304347828,6.796116504854368,93.97930385700846,7,153,2990,39,34198,502,33696,3189,46,3143
decisionTree,cross-argouml-0.35.4,"{'criterion': 'entropy', 'max_depth': 10, 'splitter': 'random'}",4.651162790697675,4.166666666666666,4.395604395604396,99.18600299401199,2,41,10599,46,26699,500,26199,10688,48,10640
decisionTree,cross-jedit-5.6pre0,"{'criterion': 'entropy', 'max_depth': 10, 'splitter': 'best'}",12.698412698412698,11.940298507462686,12.307692307692307,97.60050515680909,8,55,4629,59,32636,481,32155,4751,67,4684
decisionTree,cross-joda_time-2.10.3,"{'criterion': 'entropy', 'max_depth': 10, 'splitter': 'best'}",10.526315789473683,7.6923076923076925,8.88888888888889,96.4548205793342,4,34,2227,48,35074,496,34578,2313,52,2261
decisionTree,cross-swarm-2.8.11,"{'criterion': 'entropy', 'max_depth': 10, 'splitter': 'random'}",50.0,5.172413793103448,9.375,91.80790960451978,3,3,647,55,36679,490,36189,708,58,650
decisionTree,cross-checkstyle-8.35,"{'criterion': 'entropy', 'max_depth': 10, 'splitter': 'random'}",0.0,0.0,0.0,97.9895104895105,0,1,1121,22,36243,526,35717,1144,22,1122
decisionTree,cross-jabref-5.0,"{'criterion': 'entropy', 'max_depth': 10, 'splitter': 'best'}",75.0,15.384615384615385,25.531914893617024,96.37681159420289,6,2,925,33,36421,509,35912,966,39,927
decisionTree,cross-log4j-2.13.3,"{'criterion': 'entropy', 'max_depth': 10, 'splitter': 'random'}",66.66666666666666,10.526315789473683,18.181818181818183,94.77756286266924,6,3,974,51,36353,491,35862,1034,57,977
decisionTree,10-fold_0,"{'criterion': 'entropy', 'max_depth': 10, 'splitter': 'best'}",34.78260869565217,30.967741935483872,32.76450511945392,98.24012864034304,48,90,10949,107,26193,393,25800,11194,155,11039
decisionTree,10-fold_1,"{'criterion': 'entropy', 'max_depth': 10, 'splitter': 'random'}",41.891891891891895,19.1358024691358,26.271186440677962,98.43257364201423,31,43,10896,131,26286,386,25900,11101,162,10939
decisionTree,10-fold_2,"{'criterion': 'entropy', 'max_depth': 10, 'splitter': 'best'}",24.85549132947977,26.21951219512195,25.519287833827892,97.76948369323736,43,130,10959,121,26134,384,25750,11253,164,11089
decisionTree,10-fold_3,"{'criterion': 'entropy', 'max_depth': 10, 'splitter': 'best'}",37.5,38.88888888888889,38.18181818181819,98.16612729234089,63,105,10857,99,26263,386,25877,11124,162,10962
decisionTree,10-fold_4,"{'criterion': 'entropy', 'max_depth': 10, 'splitter': 'best'}",33.33333333333333,36.11111111111111,34.66666666666667,98.25638288408504,52,104,10993,92,26146,404,25742,11241,144,11097
