model,system,best_params,precision,recall,f1,accuracy,tp,fp,tn,fn,num_train,num_pos_trn,num_neg_trn,num_test,num_pos_test,num_neg_test
decisionTree,cross-apache-ant-1.10.6,"{'criterion': 'entropy', 'max_depth': 10, 'splitter': 'best'}",17.46031746031746,20.754716981132077,18.96551724137931,97.7608384945212,33,156,12279,126,24793,389,24404,12594,159,12435
decisionTree,cross-apache-httpcomponents-4.5.9,"{'criterion': 'entropy', 'max_depth': 10, 'splitter': 'best'}",30.18867924528302,34.78260869565217,32.323232323232325,97.89902790843524,16,37,3106,30,34198,502,33696,3189,46,3143
decisionTree,cross-argouml-0.35.4,"{'criterion': 'entropy', 'max_depth': 10, 'splitter': 'best'}",24.444444444444443,45.83333333333333,31.884057971014496,99.12050898203593,22,68,10572,26,26699,500,26199,10688,48,10640
decisionTree,cross-jedit-5.6pre0,"{'criterion': 'entropy', 'max_depth': 10, 'splitter': 'best'}",24.390243902439025,29.850746268656714,26.84563758389261,97.70574615870343,20,62,4622,47,32636,481,32155,4751,67,4684
decisionTree,cross-joda_time-2.10.3,"{'criterion': 'entropy', 'max_depth': 8, 'splitter': 'best'}",50.0,26.923076923076923,35.0,97.75183744055339,14,14,2247,38,35074,496,34578,2313,52,2261
decisionTree,cross-swarm-2.8.11,"{'criterion': 'entropy', 'max_depth': 10, 'splitter': 'best'}",60.0,10.344827586206897,17.647058823529413,92.09039548022598,6,4,646,52,36679,490,36189,708,58,650
decisionTree,cross-checkstyle-8.35,"{'criterion': 'entropy', 'max_depth': 10, 'splitter': 'best'}",26.08695652173913,27.27272727272727,26.66666666666666,97.11538461538461,6,17,1105,16,36243,526,35717,1144,22,1122
decisionTree,cross-jabref-5.0,"{'criterion': 'entropy', 'max_depth': 10, 'splitter': 'best'}",88.88888888888889,20.51282051282051,33.33333333333333,96.68737060041408,8,1,926,31,36421,509,35912,966,39,927
decisionTree,cross-log4j-2.13.3,"{'criterion': 'entropy', 'max_depth': 10, 'splitter': 'best'}",30.555555555555557,19.298245614035086,23.655913978494624,93.13346228239845,11,25,952,46,36353,491,35862,1034,57,977
decisionTree,10-fold_0,"{'criterion': 'entropy', 'max_depth': 10, 'splitter': 'best'}",44.52054794520548,36.93181818181818,40.37267080745342,98.27694516736965,65,81,10886,111,26244,372,25872,11143,176,10967
decisionTree,10-fold_1,"{'criterion': 'entropy', 'max_depth': 10, 'splitter': 'random'}",33.155080213903744,34.44444444444444,33.787465940054496,97.8667368975507,62,125,11086,118,25996,368,25628,11391,180,11211
decisionTree,10-fold_2,"{'criterion': 'entropy', 'max_depth': 10, 'splitter': 'best'}",41.7910447761194,34.5679012345679,37.83783783783783,98.37240159221582,56,78,11065,106,26082,386,25696,11305,162,11143
decisionTree,10-fold_3,"{'criterion': 'entropy', 'max_depth': 10, 'splitter': 'best'}",40.25974025974026,36.25730994152047,38.153846153846146,98.22813822284908,62,92,11081,109,26043,377,25666,11344,171,11173
decisionTree,10-fold_4,"{'criterion': 'entropy', 'max_depth': 10, 'splitter': 'random'}",40.243902439024396,39.285714285714285,39.75903614457831,98.19282551730369,66,98,10801,102,26320,380,25940,11067,168,10899
