model,system,best_params,precision,recall,f1,accuracy,tp,fp,tn,fn,num_train,num_pos_trn,num_neg_trn,num_test,num_pos_test,num_neg_test
decisionTree,cross-apache-ant-1.10.6,"{'criterion': 'entropy', 'max_depth': 10, 'splitter': 'best'}",25.0,22.641509433962266,23.762376237623762,98.16579323487375,36,108,12327,123,24793,389,24404,12594,159,12435
decisionTree,cross-apache-httpcomponents-4.5.9,"{'criterion': 'entropy', 'max_depth': 10, 'splitter': 'best'}",53.333333333333336,17.391304347826086,26.229508196721312,98.58889934148635,8,7,3136,38,34198,502,33696,3189,46,3143
decisionTree,cross-argouml-0.35.4,"{'criterion': 'entropy', 'max_depth': 10, 'splitter': 'best'}",34.42622950819672,43.75,38.53211009174312,99.37312874251496,21,40,10600,27,26699,500,26199,10688,48,10640
decisionTree,cross-jedit-5.6pre0,"{'criterion': 'entropy', 'max_depth': 10, 'splitter': 'random'}",41.46341463414634,50.74626865671642,45.63758389261745,98.29509576931173,34,48,4636,33,32636,481,32155,4751,67,4684
decisionTree,cross-joda_time-2.10.3,"{'criterion': 'entropy', 'max_depth': 10, 'splitter': 'best'}",14.285714285714285,3.8461538461538463,6.060606060606061,97.31949848681366,2,12,2249,50,35074,496,34578,2313,52,2261
decisionTree,cross-swarm-2.8.11,"{'criterion': 'entropy', 'max_depth': 6, 'splitter': 'best'}",100.0,15.517241379310345,26.865671641791046,93.07909604519774,9,0,650,49,36679,490,36189,708,58,650
decisionTree,cross-checkstyle-8.35,"{'criterion': 'entropy', 'max_depth': 10, 'splitter': 'best'}",16.666666666666664,9.090909090909092,11.764705882352942,97.37762237762237,2,10,1112,20,36243,526,35717,1144,22,1122
decisionTree,cross-jabref-5.0,"{'criterion': 'entropy', 'max_depth': 10, 'splitter': 'best'}",30.0,15.384615384615385,20.33898305084746,95.13457556935818,6,14,913,33,36421,509,35912,966,39,927
decisionTree,cross-log4j-2.13.3,"{'criterion': 'entropy', 'max_depth': 10, 'splitter': 'best'}",50.0,15.789473684210526,23.999999999999996,94.48742746615088,9,9,968,48,36353,491,35862,1034,57,977
decisionTree,10-fold_0,"{'criterion': 'entropy', 'max_depth': 10, 'splitter': 'best'}",34.645669291338585,30.344827586206897,32.35294117647059,98.34039866510328,44,83,10859,101,26300,403,25897,11087,145,10942
decisionTree,10-fold_1,"{'criterion': 'entropy', 'max_depth': 10, 'splitter': 'best'}",44.927536231884055,35.02824858757062,39.36507936507937,98.29753097424013,62,76,10966,115,26168,371,25797,11219,177,11042
decisionTree,10-fold_2,"{'criterion': 'entropy', 'max_depth': 10, 'splitter': 'best'}",34.73053892215569,32.402234636871505,33.52601156069364,97.98050750724383,58,109,11101,121,25998,369,25629,11389,179,11210
decisionTree,10-fold_3,"{'criterion': 'entropy', 'max_depth': 8, 'splitter': 'best'}",44.11764705882353,26.011560693641616,32.72727272727273,98.36007446148392,45,57,11051,128,26106,375,25731,11281,173,11108
decisionTree,10-fold_4,"{'criterion': 'entropy', 'max_depth': 10, 'splitter': 'random'}",53.278688524590166,41.139240506329116,46.42857142857143,98.68938401048493,65,57,11230,93,25942,390,25552,11445,158,11287
