model,system,best_params,precision,recall,f1,accuracy,tp,fp,tn,fn,num_train,num_pos_trn,num_neg_trn,num_test,num_pos_test,num_neg_test
decisionTree,cross-apache-ant-1.10.6,"{'criterion': 'entropy', 'max_depth': 8, 'splitter': 'best'}",27.27272727272727,9.433962264150944,14.018691588785048,98.53898681912021,15,40,12395,144,24793,389,24404,12594,159,12435
decisionTree,cross-apache-httpcomponents-4.5.9,"{'criterion': 'gini', 'max_depth': 10, 'splitter': 'random'}",0.0,0.0,0.0,98.4634681718407,0,3,3140,46,34198,502,33696,3189,46,3143
decisionTree,cross-argouml-0.35.4,"{'criterion': 'entropy', 'max_depth': 10, 'splitter': 'random'}",17.77777777777778,16.666666666666664,17.20430107526882,99.27956586826348,8,37,10603,40,26699,500,26199,10688,48,10640
decisionTree,cross-jedit-5.6pre0,"{'criterion': 'entropy', 'max_depth': 10, 'splitter': 'random'}",54.54545454545454,17.91044776119403,26.96629213483146,98.63186697537361,12,10,4674,55,32636,481,32155,4751,67,4684
decisionTree,cross-joda_time-2.10.3,"{'criterion': 'gini', 'max_depth': 10, 'splitter': 'random'}",72.22222222222221,50.0,59.09090909090908,98.44357976653697,26,10,2251,26,35074,496,34578,2313,52,2261
decisionTree,cross-swarm-2.8.11,"{'criterion': 'gini', 'max_depth': 10, 'splitter': 'best'}",100.0,31.03448275862069,47.36842105263158,94.35028248587571,18,0,650,40,36679,490,36189,708,58,650
decisionTree,cross-checkstyle-8.35,"{'criterion': 'gini', 'max_depth': 10, 'splitter': 'best'}",75.0,27.27272727272727,40.0,98.42657342657343,6,2,1120,16,36243,526,35717,1144,22,1122
decisionTree,cross-jabref-5.0,"{'criterion': 'entropy', 'max_depth': 10, 'splitter': 'random'}",25.0,2.564102564102564,4.651162790697674,95.75569358178055,1,3,924,38,36421,509,35912,966,39,927
decisionTree,cross-log4j-2.13.3,"{'criterion': 'entropy', 'max_depth': 10, 'splitter': 'random'}",88.88888888888889,14.035087719298245,24.242424242424242,95.16441005802709,8,1,976,49,36353,491,35862,1034,57,977
decisionTree,10-fold_0,"{'criterion': 'entropy', 'max_depth': 10, 'splitter': 'random'}",65.57377049180327,23.391812865497073,34.48275862068965,98.6266714853632,40,21,10876,131,26319,377,25942,11068,171,10897
decisionTree,10-fold_1,"{'criterion': 'gini', 'max_depth': 10, 'splitter': 'random'}",64.70588235294117,20.37037037037037,30.985915492957744,98.6958836053939,33,18,11092,129,26115,386,25729,11272,162,11110
decisionTree,10-fold_2,"{'criterion': 'gini', 'max_depth': 10, 'splitter': 'random'}",72.91666666666666,20.348837209302324,31.818181818181817,98.65927779764033,35,13,11003,137,26199,376,25823,11188,172,11016
decisionTree,10-fold_3,"{'criterion': 'gini', 'max_depth': 8, 'splitter': 'random'}",68.42105263157895,23.353293413173652,34.82142857142858,98.70291400142146,39,18,11071,128,26131,381,25750,11256,167,11089
decisionTree,10-fold_4,"{'criterion': 'entropy', 'max_depth': 8, 'splitter': 'random'}",77.19298245614034,23.52941176470588,36.065573770491795,98.61849096705633,44,13,11092,143,26095,361,25734,11292,187,11105
