model,system,best_params,precision,recall,f1,accuracy,tp,fp,tn,fn,num_train,num_pos_trn,num_neg_trn,num_test,num_pos_test,num_neg_test
decisionTree,cross-apache-ant-1.10.6,"{'criterion': 'entropy', 'max_depth': 8, 'splitter': 'random'}",34.375,20.754716981132077,25.882352941176475,98.4992853739876,33,63,12372,126,24793,389,24404,12594,159,12435
decisionTree,cross-apache-httpcomponents-4.5.9,"{'criterion': 'entropy', 'max_depth': 10, 'splitter': 'best'}",56.52173913043478,28.26086956521739,37.68115942028985,98.65161492630918,13,10,3133,33,34198,502,33696,3189,46,3143
decisionTree,cross-argouml-0.35.4,"{'criterion': 'entropy', 'max_depth': 10, 'splitter': 'best'}",31.88405797101449,45.83333333333333,37.6068376068376,99.31699101796407,22,47,10593,26,26699,500,26199,10688,48,10640
decisionTree,cross-jedit-5.6pre0,"{'criterion': 'entropy', 'max_depth': 10, 'splitter': 'best'}",37.03703703703704,44.776119402985074,40.54054054054054,98.14775836665966,30,51,4633,37,32636,481,32155,4751,67,4684
decisionTree,cross-joda_time-2.10.3,"{'criterion': 'entropy', 'max_depth': 10, 'splitter': 'best'}",66.66666666666666,26.923076923076923,38.356164383561634,98.0544747081712,14,7,2254,38,35074,496,34578,2313,52,2261
decisionTree,cross-swarm-2.8.11,"{'criterion': 'entropy', 'max_depth': 10, 'splitter': 'best'}",60.0,10.344827586206897,17.647058823529413,92.09039548022598,6,4,646,52,36679,490,36189,708,58,650
decisionTree,cross-checkstyle-8.35,"{'criterion': 'entropy', 'max_depth': 8, 'splitter': 'best'}",66.66666666666666,9.090909090909092,16.0,98.16433566433567,2,1,1121,20,36243,526,35717,1144,22,1122
decisionTree,cross-jabref-5.0,"{'criterion': 'entropy', 'max_depth': 10, 'splitter': 'best'}",66.66666666666666,25.64102564102564,37.03703703703704,96.48033126293996,10,5,922,29,36421,509,35912,966,39,927
decisionTree,cross-log4j-2.13.3,"{'criterion': 'entropy', 'max_depth': 8, 'splitter': 'best'}",0.0,0.0,0.0,94.00386847195358,0,5,972,57,36353,491,35862,1034,57,977
decisionTree,10-fold_0,"{'criterion': 'entropy', 'max_depth': 8, 'splitter': 'best'}",50.0,35.40372670807454,41.45454545454545,98.56774308335558,57,57,11023,104,26146,387,25759,11241,161,11080
decisionTree,10-fold_1,"{'criterion': 'entropy', 'max_depth': 8, 'splitter': 'best'}",54.20560747663551,38.41059602649007,44.961240310077514,98.72851002865329,58,49,10968,93,26219,397,25822,11168,151,11017
decisionTree,10-fold_2,"{'criterion': 'entropy', 'max_depth': 10, 'splitter': 'best'}",47.286821705426355,38.125,42.21453287197232,98.52434390739595,61,68,11089,99,26070,388,25682,11317,160,11157
decisionTree,10-fold_3,"{'criterion': 'entropy', 'max_depth': 10, 'splitter': 'random'}",36.496350364963504,27.322404371584703,31.25,98.04878048780488,50,87,11005,133,26112,365,25747,11275,183,11092
decisionTree,10-fold_4,"{'criterion': 'entropy', 'max_depth': 10, 'splitter': 'best'}",47.023809523809526,43.888888888888886,45.40229885057471,98.3435047951177,79,89,11201,101,25917,368,25549,11470,180,11290
