model,system,best_params,precision,recall,f1,accuracy,tp,fp,tn,fn,num_train,num_pos_trn,num_neg_trn,num_test,num_pos_test,num_neg_test
decisionTree,cross-apache-ant-1.10.6,"{'criterion': 'entropy', 'max_depth': 10, 'splitter': 'random'}",39.50617283950617,20.125786163522015,26.666666666666668,98.60250913133238,32,49,12386,127,24793,389,24404,12594,159,12435
decisionTree,cross-apache-httpcomponents-4.5.9,"{'criterion': 'entropy', 'max_depth': 10, 'splitter': 'random'}",69.23076923076923,19.565217391304348,30.508474576271187,98.71433051113202,9,4,3139,37,34198,502,33696,3189,46,3143
decisionTree,cross-argouml-0.35.4,"{'criterion': 'entropy', 'max_depth': 10, 'splitter': 'best'}",34.285714285714285,50.0,40.67796610169492,99.34505988023952,24,46,10594,24,26699,500,26199,10688,48,10640
decisionTree,cross-jedit-5.6pre0,"{'criterion': 'entropy', 'max_depth': 10, 'splitter': 'best'}",60.86956521739131,20.8955223880597,31.111111111111118,98.69501157651021,14,9,4675,53,32636,481,32155,4751,67,4684
decisionTree,cross-joda_time-2.10.3,"{'criterion': 'entropy', 'max_depth': 10, 'splitter': 'best'}",65.38461538461539,32.69230769230769,43.58974358974359,98.09770860354517,17,9,2252,35,35074,496,34578,2313,52,2261
decisionTree,cross-swarm-2.8.11,"{'criterion': 'entropy', 'max_depth': 8, 'splitter': 'random'}",90.9090909090909,34.48275862068966,50.000000000000014,94.35028248587571,20,2,648,38,36679,490,36189,708,58,650
decisionTree,cross-checkstyle-8.35,"{'criterion': 'entropy', 'max_depth': 10, 'splitter': 'best'}",64.28571428571429,40.909090909090914,50.000000000000014,98.42657342657343,9,5,1117,13,36243,526,35717,1144,22,1122
decisionTree,cross-jabref-5.0,"{'criterion': 'entropy', 'max_depth': 10, 'splitter': 'random'}",80.0,20.51282051282051,32.6530612244898,96.58385093167702,8,2,925,31,36421,509,35912,966,39,927
decisionTree,cross-log4j-2.13.3,"{'criterion': 'entropy', 'max_depth': 10, 'splitter': 'best'}",100.0,12.280701754385964,21.875,95.16441005802709,7,0,977,50,36353,491,35862,1034,57,977
decisionTree,10-fold_0,"{'criterion': 'entropy', 'max_depth': 10, 'splitter': 'best'}",77.41935483870968,43.90243902439025,56.03112840466926,98.98023644075444,72,21,10896,92,26306,384,25922,11081,164,10917
decisionTree,10-fold_1,"{'criterion': 'entropy', 'max_depth': 10, 'splitter': 'random'}",77.63157894736842,38.311688311688314,51.30434782608696,98.99253395700279,59,17,10946,95,26270,394,25876,11117,154,10963
decisionTree,10-fold_2,"{'criterion': 'entropy', 'max_depth': 10, 'splitter': 'best'}",67.88990825688074,43.786982248520715,53.23741007194245,98.84001070759348,74,35,11003,95,26180,379,25801,11207,169,11038
decisionTree,10-fold_3,"{'criterion': 'entropy', 'max_depth': 10, 'splitter': 'random'}",76.31578947368422,36.708860759493675,49.572649572649574,98.94689870593484,58,18,11029,100,26182,390,25792,11205,158,11047
decisionTree,10-fold_4,"{'criterion': 'entropy', 'max_depth': 10, 'splitter': 'random'}",80.85106382978722,40.21164021164021,53.71024734982333,98.83400089007566,76,18,11028,113,26152,359,25793,11235,189,11046
