model,system,best_params,precision,recall,f1,accuracy,tp,fp,tn,fn,num_train,num_pos_trn,num_neg_trn,num_test,num_pos_test,num_neg_test
decisionTree,cross-apache-ant-1.10.6,"{'criterion': 'gini', 'max_depth': 10, 'splitter': 'random'}",29.629629629629626,10.062893081761008,15.02347417840376,98.56280768619979,16,38,12397,143,24793,389,24404,12594,159,12435
decisionTree,cross-apache-httpcomponents-4.5.9,"{'criterion': 'entropy', 'max_depth': 10, 'splitter': 'random'}",44.44444444444444,8.695652173913043,14.545454545454547,98.52618375666353,4,5,3138,42,34198,502,33696,3189,46,3143
decisionTree,cross-argouml-0.35.4,"{'criterion': 'entropy', 'max_depth': 10, 'splitter': 'random'}",29.11392405063291,47.91666666666667,36.22047244094488,99.24214071856288,23,56,10584,25,26699,500,26199,10688,48,10640
decisionTree,cross-jedit-5.6pre0,"{'criterion': 'entropy', 'max_depth': 10, 'splitter': 'best'}",27.049180327868854,49.25373134328358,34.920634920634924,97.41107135339928,33,89,4595,34,32636,481,32155,4751,67,4684
decisionTree,cross-joda_time-2.10.3,"{'criterion': 'gini', 'max_depth': 10, 'splitter': 'random'}",69.44444444444444,48.07692307692308,56.81818181818181,98.35711197578901,25,11,2250,27,35074,496,34578,2313,52,2261
decisionTree,cross-swarm-2.8.11,"{'criterion': 'entropy', 'max_depth': 10, 'splitter': 'random'}",83.33333333333334,8.620689655172415,15.625000000000004,92.37288135593221,5,1,649,53,36679,490,36189,708,58,650
decisionTree,cross-checkstyle-8.35,"{'criterion': 'entropy', 'max_depth': 10, 'splitter': 'random'}",75.0,13.636363636363635,23.076923076923077,98.25174825174825,3,1,1121,19,36243,526,35717,1144,22,1122
decisionTree,cross-jabref-5.0,"{'criterion': 'entropy', 'max_depth': 10, 'splitter': 'best'}",47.05882352941176,20.51282051282051,28.571428571428566,95.8592132505176,8,9,918,31,36421,509,35912,966,39,927
decisionTree,cross-log4j-2.13.3,"{'criterion': 'entropy', 'max_depth': 10, 'splitter': 'random'}",33.33333333333333,5.263157894736842,9.090909090909092,94.1972920696325,3,6,971,54,36353,491,35862,1034,57,977
decisionTree,10-fold_0,"{'criterion': 'entropy', 'max_depth': 8, 'splitter': 'best'}",29.25531914893617,35.483870967741936,32.06997084548105,97.91741151233464,55,133,10900,100,26199,393,25806,11188,155,11033
decisionTree,10-fold_1,"{'criterion': 'entropy', 'max_depth': 10, 'splitter': 'best'}",25.818181818181817,42.01183431952663,31.981981981981978,97.36359668267133,71,204,11082,98,25932,379,25553,11455,169,11286
decisionTree,10-fold_2,"{'criterion': 'entropy', 'max_depth': 10, 'splitter': 'random'}",47.93388429752066,36.25,41.281138790035584,98.53006681514476,58,63,11002,102,26162,388,25774,11225,160,11065
decisionTree,10-fold_3,"{'criterion': 'gini', 'max_depth': 10, 'splitter': 'random'}",52.38095238095239,25.882352941176475,34.645669291338585,98.52076278738193,44,40,11012,126,26165,378,25787,11222,170,11052
decisionTree,10-fold_4,"{'criterion': 'entropy', 'max_depth': 10, 'splitter': 'best'}",25.49019607843137,33.33333333333333,28.888888888888893,97.70712046574116,52,152,10857,104,26222,392,25830,11165,156,11009
