model,system,best_params,precision,recall,f1,accuracy,tp,fp,tn,fn,num_train,num_pos_trn,num_neg_trn,num_test,num_pos_test,num_neg_test
decisionTree,cross-apache-ant-1.10.6,"{'criterion': 'gini', 'max_depth': 10, 'splitter': 'best'}",58.06451612903226,22.641509433962266,32.57918552036199,98.81689693504843,36,26,12409,123,24793,389,24404,12594,159,12435
decisionTree,cross-apache-httpcomponents-4.5.9,"{'criterion': 'gini', 'max_depth': 8, 'splitter': 'random'}",100.0,8.695652173913043,16.0,98.6829727187206,4,0,3143,42,34198,502,33696,3189,46,3143
decisionTree,cross-argouml-0.35.4,"{'criterion': 'entropy', 'max_depth': 10, 'splitter': 'random'}",30.0,6.25,10.344827586206897,99.51347305389223,3,7,10633,45,26699,500,26199,10688,48,10640
decisionTree,cross-jedit-5.6pre0,"{'criterion': 'entropy', 'max_depth': 10, 'splitter': 'random'}",75.0,40.298507462686565,52.42718446601942,98.96863818143548,27,9,4675,40,32636,481,32155,4751,67,4684
decisionTree,cross-joda_time-2.10.3,"{'criterion': 'gini', 'max_depth': 10, 'splitter': 'random'}",80.64516129032258,48.07692307692308,60.24096385542168,98.57328145265889,25,6,2255,27,35074,496,34578,2313,52,2261
decisionTree,cross-swarm-2.8.11,"{'criterion': 'entropy', 'max_depth': 10, 'splitter': 'random'}",89.47368421052632,29.310344827586203,44.15584415584416,93.92655367231639,17,2,648,41,36679,490,36189,708,58,650
decisionTree,cross-checkstyle-8.35,"{'criterion': 'gini', 'max_depth': 10, 'splitter': 'random'}",100.0,22.727272727272727,37.03703703703704,98.51398601398601,5,0,1122,17,36243,526,35717,1144,22,1122
decisionTree,cross-jabref-5.0,"{'criterion': 'entropy', 'max_depth': 10, 'splitter': 'random'}",90.47619047619048,48.717948717948715,63.33333333333333,97.72256728778468,19,2,925,20,36421,509,35912,966,39,927
decisionTree,cross-log4j-2.13.3,"{'criterion': 'entropy', 'max_depth': 10, 'splitter': 'best'}",100.0,14.035087719298245,24.615384615384613,95.26112185686654,8,0,977,49,36353,491,35862,1034,57,977
decisionTree,10-fold_0,"{'criterion': 'entropy', 'max_depth': 10, 'splitter': 'random'}",80.0,22.598870056497177,35.24229074889868,98.68526965387711,40,10,10994,137,26206,371,25835,11181,177,11004
decisionTree,10-fold_1,"{'criterion': 'entropy', 'max_depth': 10, 'splitter': 'random'}",75.32467532467533,31.016042780748666,43.939393939393945,98.70380101593975,58,19,11212,129,25969,361,25608,11418,187,11231
decisionTree,10-fold_2,"{'criterion': 'gini', 'max_depth': 10, 'splitter': 'random'}",80.55555555555556,33.72093023255814,47.54098360655738,98.8698569662723,58,14,11140,114,26061,376,25685,11326,172,11154
decisionTree,10-fold_3,"{'criterion': 'gini', 'max_depth': 10, 'splitter': 'random'}",69.6969696969697,30.87248322147651,42.7906976744186,98.91275523733758,46,20,11144,103,26074,399,25675,11313,149,11164
decisionTree,10-fold_4,"{'criterion': 'gini', 'max_depth': 10, 'splitter': 'random'}",84.61538461538461,25.0,38.59649122807017,98.75710227272727,44,8,11080,132,26123,372,25751,11264,176,11088
