model,system,best_params,precision,recall,f1,accuracy,tp,fp,tn,fn,num_train,num_pos_trn,num_neg_trn,num_test,num_pos_test,num_neg_test
decisionTree,cross-apache-ant-1.10.6,"{'criterion': 'entropy', 'max_depth': 10, 'splitter': 'best'}",16.38888888888889,37.10691823899371,22.736030828516377,96.81594410036526,59,301,12134,100,30505,6101,24404,12594,159,12435
decisionTree,cross-apache-httpcomponents-4.5.9,"{'criterion': 'entropy', 'max_depth': 10, 'splitter': 'best'}",25.396825396825395,34.78260869565217,29.35779816513761,97.5854499843211,16,47,3096,30,42120,8424,33696,3189,46,3143
decisionTree,cross-argouml-0.35.4,"{'criterion': 'entropy', 'max_depth': 10, 'splitter': 'best'}",5.660377358490567,12.5,7.792207792207793,98.67140718562875,6,100,10540,42,32748,6549,26199,10688,48,10640
decisionTree,cross-jedit-5.6pre0,"{'criterion': 'entropy', 'max_depth': 10, 'splitter': 'best'}",31.48148148148148,50.74626865671642,38.85714285714286,97.74784255946116,34,74,4610,33,40193,8038,32155,4751,67,4684
decisionTree,cross-joda_time-2.10.3,"{'criterion': 'entropy', 'max_depth': 10, 'splitter': 'best'}",6.666666666666667,5.769230769230769,6.185567010309279,96.06571552096844,3,42,2219,49,43222,8644,34578,2313,52,2261
decisionTree,cross-swarm-2.8.11,"{'criterion': 'entropy', 'max_depth': 10, 'splitter': 'best'}",45.09803921568628,39.6551724137931,42.201834862385326,91.10169491525424,23,28,622,35,45236,9047,36189,708,58,650
decisionTree,cross-checkstyle-8.35,"{'criterion': 'entropy', 'max_depth': 10, 'splitter': 'best'}",37.5,27.27272727272727,31.57894736842105,97.72727272727273,6,10,1112,16,44646,8929,35717,1144,22,1122
decisionTree,cross-jabref-5.0,"{'criterion': 'entropy', 'max_depth': 10, 'splitter': 'best'}",60.0,30.76923076923077,40.67796610169492,96.37681159420289,12,8,919,27,44890,8978,35912,966,39,927
decisionTree,cross-log4j-2.13.3,"{'criterion': 'entropy', 'max_depth': 10, 'splitter': 'best'}",45.45454545454545,17.543859649122805,25.31645569620253,94.29400386847195,10,12,965,47,44827,8965,35862,1034,57,977
decisionTree,10-fold_0,"{'criterion': 'entropy', 'max_depth': 10, 'splitter': 'best'}",28.749999999999996,55.42168674698795,37.86008230452674,97.2997138769671,92,228,10790,74,32276,6455,25821,11184,166,11018
decisionTree,10-fold_1,"{'criterion': 'entropy', 'max_depth': 10, 'splitter': 'best'}",39.473684210526315,50.0,44.11764705882353,97.95845272206304,90,138,10850,90,32313,6462,25851,11168,180,10988
decisionTree,10-fold_2,"{'criterion': 'entropy', 'max_depth': 10, 'splitter': 'best'}",30.555555555555557,38.308457711442784,33.99558498896248,97.31549649847369,77,175,10762,124,32377,6475,25902,11138,201,10937
decisionTree,10-fold_3,"{'criterion': 'entropy', 'max_depth': 10, 'splitter': 'best'}",41.62162162162162,41.62162162162162,41.62162162162162,98.05860147402481,77,108,10833,108,32372,6474,25898,11126,185,10941
decisionTree,10-fold_4,"{'criterion': 'entropy', 'max_depth': 10, 'splitter': 'best'}",29.152542372881356,55.84415584415584,38.30734966592428,97.56290691536161,86,209,11003,68,32033,6406,25627,11366,154,11212
