model,system,best_params,precision,recall,f1,accuracy,tp,fp,tn,fn,num_train,num_pos_trn,num_neg_trn,num_test,num_pos_test,num_neg_test
decisionTree,cross-apache-ant-1.10.6,"{'criterion': 'entropy', 'max_depth': 10, 'splitter': 'random'}",19.63470319634703,27.044025157232703,22.75132275132275,97.681435604256,43,176,12259,116,24793,389,24404,12594,159,12435
decisionTree,cross-apache-httpcomponents-4.5.9,"{'criterion': 'entropy', 'max_depth': 10, 'splitter': 'random'}",38.46153846153847,10.869565217391305,16.94915254237288,98.4634681718407,5,8,3135,41,34198,502,33696,3189,46,3143
decisionTree,cross-argouml-0.35.4,"{'criterion': 'entropy', 'max_depth': 10, 'splitter': 'random'}",52.27272727272727,47.91666666666667,50.0,99.56961077844312,23,21,10619,25,26699,500,26199,10688,48,10640
decisionTree,cross-jedit-5.6pre0,"{'criterion': 'entropy', 'max_depth': 10, 'splitter': 'random'}",28.57142857142857,8.955223880597014,13.636363636363635,98.40033677120607,6,15,4669,61,32636,481,32155,4751,67,4684
decisionTree,cross-joda_time-2.10.3,"{'criterion': 'entropy', 'max_depth': 10, 'splitter': 'best'}",60.0,28.846153846153843,38.96103896103896,97.96800691742325,15,10,2251,37,35074,496,34578,2313,52,2261
decisionTree,cross-swarm-2.8.11,"{'criterion': 'entropy', 'max_depth': 10, 'splitter': 'best'}",55.55555555555556,17.24137931034483,26.315789473684216,92.09039548022598,10,8,642,48,36679,490,36189,708,58,650
decisionTree,cross-checkstyle-8.35,"{'criterion': 'entropy', 'max_depth': 10, 'splitter': 'best'}",37.5,13.636363636363635,20.0,97.9020979020979,3,5,1117,19,36243,526,35717,1144,22,1122
decisionTree,cross-jabref-5.0,"{'criterion': 'entropy', 'max_depth': 10, 'splitter': 'random'}",100.0,23.076923076923077,37.5,96.8944099378882,9,0,927,30,36421,509,35912,966,39,927
decisionTree,cross-log4j-2.13.3,"{'criterion': 'entropy', 'max_depth': 10, 'splitter': 'random'}",50.0,7.017543859649122,12.307692307692307,94.48742746615088,4,4,973,53,36353,491,35862,1034,57,977
decisionTree,10-fold_0,"{'criterion': 'entropy', 'max_depth': 8, 'splitter': 'random'}",58.620689655172406,18.994413407821227,28.691983122362867,98.47404063205417,34,24,10872,145,26312,369,25943,11075,179,10896
decisionTree,10-fold_1,"{'criterion': 'entropy', 'max_depth': 10, 'splitter': 'best'}",51.11111111111111,41.566265060240966,45.84717607973421,98.53877185118782,69,66,10923,97,26232,382,25850,11155,166,10989
decisionTree,10-fold_2,"{'criterion': 'entropy', 'max_depth': 8, 'splitter': 'random'}",70.23809523809523,35.54216867469879,47.199999999999996,98.82205961092272,59,25,11015,107,26181,382,25799,11206,166,11040
decisionTree,10-fold_3,"{'criterion': 'entropy', 'max_depth': 10, 'splitter': 'best'}",47.05882352941176,38.91891891891892,42.60355029585799,98.27017387427553,72,81,10949,113,26172,363,25809,11215,185,11030
decisionTree,10-fold_4,"{'criterion': 'gini', 'max_depth': 10, 'splitter': 'best'}",45.23809523809524,21.34831460674157,29.00763358778626,98.33168894071217,38,46,10925,140,26238,370,25868,11149,178,10971
