model,system,best_params,precision,recall,f1,accuracy,tp,fp,tn,fn,num_train,num_pos_trn,num_neg_trn,num_test,num_pos_test,num_neg_test
decisionTree,cross-apache-ant-1.10.6,"{'criterion': 'entropy', 'max_depth': 6, 'splitter': 'best'}",34.48275862068966,6.289308176100629,10.638297872340427,98.66603144354454,10,19,12416,149,24793,389,24404,12594,159,12435
decisionTree,cross-apache-httpcomponents-4.5.9,"{'criterion': 'gini', 'max_depth': 6, 'splitter': 'best'}",0.0,0.0,0.0,98.55754154907494,0,0,3143,46,34198,502,33696,3189,46,3143
decisionTree,cross-argouml-0.35.4,"{'criterion': 'gini', 'max_depth': 6, 'splitter': 'best'}",0.0,0.0,0.0,99.54154191616766,0,1,10639,48,26699,500,26199,10688,48,10640
decisionTree,cross-jedit-5.6pre0,"{'criterion': 'entropy', 'max_depth': 6, 'splitter': 'best'}",73.52941176470588,37.3134328358209,49.50495049504951,98.92654178067775,25,9,4675,42,32636,481,32155,4751,67,4684
decisionTree,cross-joda_time-2.10.3,"{'criterion': 'gini', 'max_depth': 6, 'splitter': 'best'}",69.44444444444444,48.07692307692308,56.81818181818181,98.35711197578901,25,11,2250,27,35074,496,34578,2313,52,2261
decisionTree,cross-swarm-2.8.11,"{'criterion': 'gini', 'max_depth': 6, 'splitter': 'best'}",100.0,24.137931034482758,38.88888888888889,93.78531073446328,14,0,650,44,36679,490,36189,708,58,650
decisionTree,cross-checkstyle-8.35,"{'criterion': 'gini', 'max_depth': 6, 'splitter': 'best'}",50.0,4.545454545454546,8.333333333333334,98.07692307692307,1,1,1121,21,36243,526,35717,1144,22,1122
decisionTree,cross-jabref-5.0,"{'criterion': 'gini', 'max_depth': 6, 'splitter': 'best'}",100.0,15.384615384615385,26.66666666666667,96.58385093167702,6,0,927,33,36421,509,35912,966,39,927
decisionTree,cross-log4j-2.13.3,"{'criterion': 'gini', 'max_depth': 6, 'splitter': 'best'}",100.0,14.035087719298245,24.615384615384613,95.26112185686654,8,0,977,49,36353,491,35862,1034,57,977
decisionTree,10-fold_0,"{'criterion': 'gini', 'max_depth': 6, 'splitter': 'best'}",60.78431372549019,19.62025316455696,29.665071770334922,98.7012987012987,31,20,11141,127,26068,390,25678,11319,158,11161
decisionTree,10-fold_1,"{'criterion': 'gini', 'max_depth': 6, 'splitter': 'best'}",62.06896551724138,10.975609756097562,18.65284974093264,98.5923070026002,18,11,10978,146,26234,384,25850,11153,164,10989
decisionTree,10-fold_2,"{'criterion': 'gini', 'max_depth': 6, 'splitter': 'best'}",68.29268292682927,18.421052631578945,29.015544041450774,98.79708490648872,28,13,11224,124,25998,396,25602,11389,152,11237
decisionTree,10-fold_3,"{'criterion': 'gini', 'max_depth': 6, 'splitter': 'best'}",80.3921568627451,23.563218390804597,36.44444444444444,98.73518485759773,41,10,11122,133,26081,374,25707,11306,174,11132
decisionTree,10-fold_4,"{'criterion': 'entropy', 'max_depth': 6, 'splitter': 'best'}",65.11627906976744,18.181818181818183,28.42639593908629,98.73235637867481,28,15,10954,126,26264,394,25870,11123,154,10969
