model,system,best_params,precision,recall,f1,accuracy,tp,fp,tn,fn,num_train,num_pos_trn,num_neg_trn,num_test,num_pos_test,num_neg_test
decisionTree,cross-apache-ant-1.10.6,"{'criterion': 'gini', 'max_depth': 10, 'splitter': 'random'}",34.5679012345679,17.61006289308176,23.333333333333332,98.53898681912021,28,53,12382,131,24793,389,24404,12594,159,12435
decisionTree,cross-apache-httpcomponents-4.5.9,"{'criterion': 'entropy', 'max_depth': 10, 'splitter': 'best'}",12.0,6.521739130434782,8.45070422535211,97.96174349325808,3,22,3121,43,34198,502,33696,3189,46,3143
decisionTree,cross-argouml-0.35.4,"{'criterion': 'entropy', 'max_depth': 8, 'splitter': 'best'}",5.0,6.25,5.555555555555556,99.04565868263472,3,57,10583,45,26699,500,26199,10688,48,10640
decisionTree,cross-jedit-5.6pre0,"{'criterion': 'entropy', 'max_depth': 10, 'splitter': 'best'}",48.148148148148145,38.80597014925373,42.97520661157025,98.54767417385814,26,28,4656,41,32636,481,32155,4751,67,4684
decisionTree,cross-joda_time-2.10.3,"{'criterion': 'entropy', 'max_depth': 10, 'splitter': 'best'}",15.625,9.615384615384617,11.904761904761905,96.80069174232598,5,27,2234,47,35074,496,34578,2313,52,2261
decisionTree,cross-swarm-2.8.11,"{'criterion': 'entropy', 'max_depth': 10, 'splitter': 'best'}",100.0,12.068965517241379,21.538461538461544,92.79661016949152,7,0,650,51,36679,490,36189,708,58,650
decisionTree,cross-checkstyle-8.35,"{'criterion': 'entropy', 'max_depth': 10, 'splitter': 'best'}",13.333333333333334,9.090909090909092,10.81081081081081,97.11538461538461,2,13,1109,20,36243,526,35717,1144,22,1122
decisionTree,cross-jabref-5.0,"{'criterion': 'entropy', 'max_depth': 10, 'splitter': 'best'}",66.66666666666666,25.64102564102564,37.03703703703704,96.48033126293996,10,5,922,29,36421,509,35912,966,39,927
decisionTree,cross-log4j-2.13.3,"{'criterion': 'entropy', 'max_depth': 10, 'splitter': 'best'}",29.629629629629626,14.035087719298245,19.047619047619047,93.42359767891682,8,19,958,49,36353,491,35862,1034,57,977
decisionTree,10-fold_0,"{'criterion': 'entropy', 'max_depth': 10, 'splitter': 'best'}",48.275862068965516,36.08247422680412,41.29793510324484,98.19435622901733,70,75,10752,124,26366,354,26012,11021,194,10827
decisionTree,10-fold_1,"{'criterion': 'entropy', 'max_depth': 10, 'splitter': 'best'}",34.375,31.79190751445087,33.033033033033036,98.00411706793162,55,105,10895,118,26214,375,25839,11173,173,11000
decisionTree,10-fold_2,"{'criterion': 'entropy', 'max_depth': 10, 'splitter': 'best'}",39.097744360902254,34.21052631578947,36.49122807017544,98.38118236293712,52,81,10948,100,26206,396,25810,11181,152,11029
decisionTree,10-fold_3,"{'criterion': 'entropy', 'max_depth': 8, 'splitter': 'best'}",41.41414141414141,23.295454545454543,29.818181818181817,98.26579207475964,41,58,10895,135,26258,372,25886,11129,176,10953
decisionTree,10-fold_4,"{'criterion': 'entropy', 'max_depth': 10, 'splitter': 'random'}",51.31578947368421,25.324675324675322,33.913043478260875,98.65224330555063,39,37,11087,115,26109,394,25715,11278,154,11124
