model,system,best_params,precision,recall,f1,accuracy,tp,fp,tn,fn,num_train,num_pos_trn,num_neg_trn,num_test,num_pos_test,num_neg_test
decisionTree,cross-apache-ant-1.10.6,"{'criterion': 'entropy', 'max_depth': 10, 'splitter': 'random'}",30.069930069930066,27.044025157232703,28.476821192052977,98.28489757027155,43,100,12335,116,24793,389,24404,12594,159,12435
decisionTree,cross-apache-httpcomponents-4.5.9,"{'criterion': 'entropy', 'max_depth': 10, 'splitter': 'best'}",28.125,19.565217391304348,23.076923076923077,98.11853245531515,9,23,3120,37,34198,502,33696,3189,46,3143
decisionTree,cross-argouml-0.35.4,"{'criterion': 'entropy', 'max_depth': 10, 'splitter': 'best'}",35.483870967741936,45.83333333333333,40.0,99.38248502994011,22,40,10600,26,26699,500,26199,10688,48,10640
decisionTree,cross-jedit-5.6pre0,"{'criterion': 'entropy', 'max_depth': 10, 'splitter': 'random'}",17.391304347826086,11.940298507462686,14.15929203539823,97.95832456324985,8,38,4646,59,32636,481,32155,4751,67,4684
decisionTree,cross-joda_time-2.10.3,"{'criterion': 'entropy', 'max_depth': 8, 'splitter': 'best'}",59.09090909090909,50.0,54.16666666666667,98.09770860354517,26,18,2243,26,35074,496,34578,2313,52,2261
decisionTree,cross-swarm-2.8.11,"{'criterion': 'entropy', 'max_depth': 8, 'splitter': 'random'}",50.0,5.172413793103448,9.375,91.80790960451978,3,3,647,55,36679,490,36189,708,58,650
decisionTree,cross-checkstyle-8.35,"{'criterion': 'entropy', 'max_depth': 8, 'splitter': 'best'}",62.5,22.727272727272727,33.33333333333333,98.25174825174825,5,3,1119,17,36243,526,35717,1144,22,1122
decisionTree,cross-jabref-5.0,"{'criterion': 'entropy', 'max_depth': 8, 'splitter': 'best'}",87.5,35.8974358974359,50.90909090909091,97.20496894409938,14,2,925,25,36421,509,35912,966,39,927
decisionTree,cross-log4j-2.13.3,"{'criterion': 'entropy', 'max_depth': 10, 'splitter': 'best'}",50.0,12.280701754385964,19.71830985915493,94.48742746615088,7,7,970,50,36353,491,35862,1034,57,977
decisionTree,10-fold_0,"{'criterion': 'entropy', 'max_depth': 8, 'splitter': 'best'}",55.64516129032258,37.704918032786885,44.951140065146575,98.47912167026638,69,55,10874,114,26275,365,25910,11112,183,10929
decisionTree,10-fold_1,"{'criterion': 'entropy', 'max_depth': 10, 'splitter': 'best'}",45.06172839506173,39.89071038251366,42.31884057971014,98.20607590372306,73,89,10821,110,26294,365,25929,11093,183,10910
decisionTree,10-fold_2,"{'criterion': 'entropy', 'max_depth': 10, 'splitter': 'best'}",47.008547008547005,32.73809523809524,38.59649122807017,98.46180891271864,55,62,11147,113,26010,380,25630,11377,168,11209
decisionTree,10-fold_3,"{'criterion': 'entropy', 'max_depth': 10, 'splitter': 'random'}",68.18181818181817,35.50295857988166,46.69260700389105,98.76898193907809,60,28,10932,109,26258,379,25879,11129,169,10960
decisionTree,10-fold_4,"{'criterion': 'entropy', 'max_depth': 8, 'splitter': 'best'}",50.0,35.36585365853659,41.42857142857142,98.54014598540147,58,58,11012,106,26153,384,25769,11234,164,11070
