model,system,best_params,precision,recall,f1,accuracy,tp,fp,tn,fn,num_train,num_pos_trn,num_neg_trn,num_test,num_pos_test,num_neg_test
decisionTree,cross-apache-ant-1.10.6,"{'criterion': 'entropy', 'max_depth': 10, 'splitter': 'best'}",27.450980392156865,8.80503144654088,13.333333333333334,98.55486739717327,14,37,12398,145,24793,389,24404,12594,159,12435
decisionTree,cross-apache-httpcomponents-4.5.9,"{'criterion': 'entropy', 'max_depth': 10, 'splitter': 'random'}",22.22222222222222,4.3478260869565215,7.272727272727273,98.40075258701788,2,7,3136,44,34198,502,33696,3189,46,3143
decisionTree,cross-argouml-0.35.4,"{'criterion': 'gini', 'max_depth': 10, 'splitter': 'best'}",27.27272727272727,12.5,17.142857142857142,99.4573353293413,6,16,10624,42,26699,500,26199,10688,48,10640
decisionTree,cross-jedit-5.6pre0,"{'criterion': 'entropy', 'max_depth': 10, 'splitter': 'random'}",52.94117647058824,13.432835820895523,21.428571428571423,98.61081877499474,9,8,4676,58,32636,481,32155,4751,67,4684
decisionTree,cross-joda_time-2.10.3,"{'criterion': 'gini', 'max_depth': 10, 'splitter': 'best'}",60.0,17.307692307692307,26.865671641791046,97.8815391266753,9,6,2255,43,35074,496,34578,2313,52,2261
decisionTree,cross-swarm-2.8.11,"{'criterion': 'entropy', 'max_depth': 10, 'splitter': 'random'}",80.0,13.793103448275861,23.52941176470588,92.65536723163842,8,2,648,50,36679,490,36189,708,58,650
decisionTree,cross-checkstyle-8.35,"{'criterion': 'gini', 'max_depth': 10, 'splitter': 'best'}",75.0,27.27272727272727,40.0,98.42657342657343,6,2,1120,16,36243,526,35717,1144,22,1122
decisionTree,cross-jabref-5.0,"{'criterion': 'gini', 'max_depth': 10, 'splitter': 'random'}",33.33333333333333,2.564102564102564,4.761904761904762,95.8592132505176,1,2,925,38,36421,509,35912,966,39,927
decisionTree,cross-log4j-2.13.3,"{'criterion': 'gini', 'max_depth': 10, 'splitter': 'best'}",66.66666666666666,3.508771929824561,6.666666666666667,94.58413926499033,2,1,976,55,36353,491,35862,1034,57,977
decisionTree,10-fold_0,"{'criterion': 'gini', 'max_depth': 8, 'splitter': 'best'}",65.0,25.324675324675322,36.44859813084112,98.79432624113475,39,21,11105,115,26107,394,25713,11280,154,11126
decisionTree,10-fold_1,"{'criterion': 'gini', 'max_depth': 8, 'splitter': 'best'}",65.38461538461539,21.25,32.075471698113205,98.69730414329655,34,18,10876,126,26333,388,25945,11054,160,10894
decisionTree,10-fold_2,"{'criterion': 'entropy', 'max_depth': 10, 'splitter': 'best'}",56.57894736842105,25.0,34.677419354838705,98.55266684534976,43,33,10988,129,26194,376,25818,11193,172,11021
decisionTree,10-fold_3,"{'criterion': 'gini', 'max_depth': 10, 'splitter': 'random'}",83.33333333333334,20.46783625730994,32.863849765258216,98.73919943572562,35,7,11164,136,26045,377,25668,11342,171,11171
decisionTree,10-fold_4,"{'criterion': 'entropy', 'max_depth': 10, 'splitter': 'best'}",49.36708860759494,23.49397590361446,31.836734693877556,98.49941594033605,39,40,10923,127,26258,382,25876,11129,166,10963
