model,system,best_params,precision,recall,f1,accuracy,tp,fp,tn,fn,num_train,num_pos_trn,num_neg_trn,num_test,num_pos_test,num_neg_test
decisionTree,cross-apache-ant-1.10.6,"{'criterion': 'entropy', 'max_depth': 8, 'splitter': 'random'}",18.617021276595743,22.0125786163522,20.172910662824208,97.8005399396538,35,153,12282,124,24793,389,24404,12594,159,12435
decisionTree,cross-apache-httpcomponents-4.5.9,"{'criterion': 'entropy', 'max_depth': 10, 'splitter': 'random'}",20.689655172413794,13.043478260869565,16.0,98.02445907808091,6,23,3120,40,34198,502,33696,3189,46,3143
decisionTree,cross-argouml-0.35.4,"{'criterion': 'entropy', 'max_depth': 10, 'splitter': 'random'}",6.172839506172839,10.416666666666668,7.751937984496124,98.88660179640718,5,76,10564,43,26699,500,26199,10688,48,10640
decisionTree,cross-jedit-5.6pre0,"{'criterion': 'entropy', 'max_depth': 10, 'splitter': 'random'}",15.686274509803921,23.88059701492537,18.93491124260355,97.11639654809514,16,86,4598,51,32636,481,32155,4751,67,4684
decisionTree,cross-joda_time-2.10.3,"{'criterion': 'entropy', 'max_depth': 10, 'splitter': 'random'}",19.047619047619047,7.6923076923076925,10.958904109589042,97.18979680069174,4,17,2244,48,35074,496,34578,2313,52,2261
decisionTree,cross-swarm-2.8.11,"{'criterion': 'entropy', 'max_depth': 10, 'splitter': 'best'}",55.55555555555556,8.620689655172415,14.92537313432836,91.94915254237289,5,4,646,53,36679,490,36189,708,58,650
decisionTree,cross-checkstyle-8.35,"{'criterion': 'entropy', 'max_depth': 10, 'splitter': 'random'}",0.0,0.0,0.0,98.07692307692307,0,0,1122,22,36243,526,35717,1144,22,1122
decisionTree,cross-jabref-5.0,"{'criterion': 'entropy', 'max_depth': 10, 'splitter': 'best'}",38.46153846153847,12.82051282051282,19.230769230769234,95.65217391304348,5,8,919,34,36421,509,35912,966,39,927
decisionTree,cross-log4j-2.13.3,"{'criterion': 'entropy', 'max_depth': 10, 'splitter': 'best'}",27.77777777777778,8.771929824561402,13.333333333333334,93.7137330754352,5,13,964,52,36353,491,35862,1034,57,977
decisionTree,10-fold_0,"{'criterion': 'entropy', 'max_depth': 10, 'splitter': 'best'}",23.902439024390244,29.6969696969697,26.486486486486488,97.58907995036341,49,156,10961,116,26105,383,25722,11282,165,11117
decisionTree,10-fold_1,"{'criterion': 'entropy', 'max_depth': 10, 'splitter': 'best'}",21.076233183856502,28.65853658536585,24.289405684754524,97.34841628959276,47,176,10710,117,26337,384,25953,11050,164,10886
decisionTree,10-fold_2,"{'criterion': 'entropy', 'max_depth': 10, 'splitter': 'best'}",14.883720930232558,22.69503546099291,17.97752808988764,97.4459896789994,32,183,11109,109,25954,407,25547,11433,141,11292
decisionTree,10-fold_3,"{'criterion': 'entropy', 'max_depth': 10, 'splitter': 'random'}",27.77777777777778,30.67484662576687,29.154518950437318,97.83267927220834,50,130,10919,113,26175,385,25790,11212,163,11049
decisionTree,10-fold_4,"{'criterion': 'entropy', 'max_depth': 10, 'splitter': 'random'}",32.89473684210527,32.6797385620915,32.786885245901644,98.15448325531149,50,102,10853,103,26279,395,25884,11108,153,10955
