model,system,best_params,precision,recall,f1,accuracy,tp,fp,tn,fn,num_train,num_pos_trn,num_neg_trn,num_test,num_pos_test,num_neg_test
decisionTree,cross-apache-ant-1.10.6,"{'criterion': 'gini', 'max_depth': 6, 'splitter': 'best'}",34.48275862068966,6.289308176100629,10.638297872340427,98.66603144354454,10,19,12416,149,24793,389,24404,12594,159,12435
decisionTree,cross-apache-httpcomponents-4.5.9,"{'criterion': 'gini', 'max_depth': 6, 'splitter': 'best'}",0.0,0.0,0.0,98.55754154907494,0,0,3143,46,34198,502,33696,3189,46,3143
decisionTree,cross-argouml-0.35.4,"{'criterion': 'gini', 'max_depth': 6, 'splitter': 'best'}",0.0,0.0,0.0,99.54154191616766,0,1,10639,48,26699,500,26199,10688,48,10640
decisionTree,cross-jedit-5.6pre0,"{'criterion': 'gini', 'max_depth': 6, 'splitter': 'best'}",74.19354838709677,34.32835820895522,46.938775510204074,98.90549358029888,23,8,4676,44,32636,481,32155,4751,67,4684
decisionTree,cross-joda_time-2.10.3,"{'criterion': 'gini', 'max_depth': 6, 'splitter': 'best'}",71.42857142857143,48.07692307692308,57.47126436781609,98.40034587116298,25,10,2251,27,35074,496,34578,2313,52,2261
decisionTree,cross-swarm-2.8.11,"{'criterion': 'gini', 'max_depth': 6, 'splitter': 'best'}",100.0,24.137931034482758,38.88888888888889,93.78531073446328,14,0,650,44,36679,490,36189,708,58,650
decisionTree,cross-checkstyle-8.35,"{'criterion': 'gini', 'max_depth': 6, 'splitter': 'best'}",100.0,4.545454545454546,8.695652173913045,98.16433566433567,1,0,1122,21,36243,526,35717,1144,22,1122
decisionTree,cross-jabref-5.0,"{'criterion': 'gini', 'max_depth': 6, 'splitter': 'best'}",100.0,15.384615384615385,26.66666666666667,96.58385093167702,6,0,927,33,36421,509,35912,966,39,927
decisionTree,cross-log4j-2.13.3,"{'criterion': 'gini', 'max_depth': 6, 'splitter': 'best'}",100.0,12.280701754385964,21.875,95.16441005802709,7,0,977,50,36353,491,35862,1034,57,977
decisionTree,10-fold_0,"{'criterion': 'gini', 'max_depth': 6, 'splitter': 'best'}",81.08108108108108,19.35483870967742,31.25,98.80877177150077,30,7,10919,125,26306,393,25913,11081,155,10926
decisionTree,10-fold_1,"{'criterion': 'gini', 'max_depth': 6, 'splitter': 'best'}",71.42857142857143,17.24137931034483,27.77777777777778,98.8648271044359,25,10,11297,120,25935,403,25532,11452,145,11307
decisionTree,10-fold_2,"{'criterion': 'gini', 'max_depth': 6, 'splitter': 'best'}",70.37037037037037,11.728395061728394,20.105820105820104,98.66004081994853,19,8,11099,143,26118,386,25732,11269,162,11107
decisionTree,10-fold_3,"{'criterion': 'gini', 'max_depth': 6, 'splitter': 'best'}",55.88235294117647,12.101910828025478,19.895287958115183,98.61111111111111,19,15,10844,138,26371,391,25980,11016,157,10859
decisionTree,10-fold_4,"{'criterion': 'gini', 'max_depth': 6, 'splitter': 'best'}",68.0,9.826589595375722,17.17171717171717,98.52065668410607,17,8,10905,156,26301,375,25926,11086,173,10913
