model,system,best_params,precision,recall,f1,accuracy,tp,fp,tn,fn,num_train,num_pos_trn,num_neg_trn,num_test,num_pos_test,num_neg_test
decisionTree,cross-apache-ant-1.10.6,"{'criterion': 'entropy', 'max_depth': 10, 'splitter': 'random'}",47.96747967479675,37.10691823899371,41.84397163120567,98.69779259965063,59,64,12371,100,24793,389,24404,12594,159,12435
decisionTree,cross-apache-httpcomponents-4.5.9,"{'criterion': 'entropy', 'max_depth': 10, 'splitter': 'best'}",70.0,15.217391304347828,25.0,98.6829727187206,7,3,3140,39,34198,502,33696,3189,46,3143
decisionTree,cross-argouml-0.35.4,"{'criterion': 'entropy', 'max_depth': 10, 'splitter': 'random'}",61.111111111111114,45.83333333333333,52.38095238095239,99.62574850299401,22,14,10626,26,26699,500,26199,10688,48,10640
decisionTree,cross-jedit-5.6pre0,"{'criterion': 'entropy', 'max_depth': 10, 'splitter': 'random'}",69.04761904761905,43.28358208955223,53.21100917431193,98.92654178067775,29,13,4671,38,32636,481,32155,4751,67,4684
decisionTree,cross-joda_time-2.10.3,"{'criterion': 'entropy', 'max_depth': 10, 'splitter': 'random'}",68.75,42.30769230769231,52.38095238095239,98.27064418504106,22,10,2251,30,35074,496,34578,2313,52,2261
decisionTree,cross-swarm-2.8.11,"{'criterion': 'entropy', 'max_depth': 10, 'splitter': 'random'}",95.0,32.758620689655174,48.71794871794871,94.35028248587571,19,1,649,39,36679,490,36189,708,58,650
decisionTree,cross-checkstyle-8.35,"{'criterion': 'entropy', 'max_depth': 10, 'splitter': 'best'}",81.81818181818183,40.909090909090914,54.545454545454554,98.68881118881119,9,2,1120,13,36243,526,35717,1144,22,1122
decisionTree,cross-jabref-5.0,"{'criterion': 'entropy', 'max_depth': 10, 'splitter': 'best'}",75.0,23.076923076923077,35.29411764705882,96.58385093167702,9,3,924,30,36421,509,35912,966,39,927
decisionTree,cross-log4j-2.13.3,"{'criterion': 'entropy', 'max_depth': 10, 'splitter': 'best'}",100.0,17.543859649122805,29.850746268656714,95.45454545454545,10,0,977,47,36353,491,35862,1034,57,977
decisionTree,10-fold_0,"{'criterion': 'entropy', 'max_depth': 10, 'splitter': 'random'}",63.63636363636363,31.818181818181817,42.42424242424242,98.82029448288097,49,28,11092,105,26113,394,25719,11274,154,11120
decisionTree,10-fold_1,"{'criterion': 'entropy', 'max_depth': 10, 'splitter': 'best'}",70.83333333333334,41.21212121212121,52.10727969348659,98.87842081650965,68,28,10952,97,26242,383,25859,11145,165,10980
decisionTree,10-fold_2,"{'criterion': 'entropy', 'max_depth': 10, 'splitter': 'best'}",67.03296703296702,39.61038961038961,49.79591836734693,98.89418322395038,61,30,10939,93,26264,394,25870,11123,154,10969
decisionTree,10-fold_3,"{'criterion': 'entropy', 'max_depth': 10, 'splitter': 'random'}",78.21782178217822,44.632768361581924,56.83453237410071,98.92115436482963,79,22,10924,98,26264,371,25893,11123,177,10946
decisionTree,10-fold_4,"{'criterion': 'entropy', 'max_depth': 10, 'splitter': 'best'}",67.70833333333334,35.714285714285715,46.76258992805756,98.6564996368918,65,31,10803,117,26371,366,26005,11016,182,10834
