model,system,best_params,precision,recall,f1,accuracy,tp,fp,tn,fn,num_train,num_pos_trn,num_neg_trn,num_test,num_pos_test,num_neg_test
decisionTree,cross-apache-ant-1.10.6,"{'criterion': 'entropy', 'max_depth': 10, 'splitter': 'best'}",57.30337078651685,32.075471698113205,41.12903225806451,98.840717802128,51,38,12397,108,24793,389,24404,12594,159,12435
decisionTree,cross-apache-httpcomponents-4.5.9,"{'criterion': 'entropy', 'max_depth': 10, 'splitter': 'random'}",50.0,23.91304347826087,32.35294117647059,98.55754154907494,11,11,3132,35,34198,502,33696,3189,46,3143
decisionTree,cross-argouml-0.35.4,"{'criterion': 'entropy', 'max_depth': 10, 'splitter': 'best'}",43.54838709677419,56.25,49.09090909090909,99.47604790419162,27,35,10605,21,26699,500,26199,10688,48,10640
decisionTree,cross-jedit-5.6pre0,"{'criterion': 'entropy', 'max_depth': 10, 'splitter': 'best'}",57.14285714285714,17.91044776119403,27.27272727272727,98.65291517575247,12,9,4675,55,32636,481,32155,4751,67,4684
decisionTree,cross-joda_time-2.10.3,"{'criterion': 'entropy', 'max_depth': 10, 'splitter': 'best'}",50.0,23.076923076923077,31.57894736842105,97.75183744055339,12,12,2249,40,35074,496,34578,2313,52,2261
decisionTree,cross-swarm-2.8.11,"{'criterion': 'entropy', 'max_depth': 10, 'splitter': 'random'}",85.71428571428571,10.344827586206897,18.46153846153846,92.51412429378531,6,1,649,52,36679,490,36189,708,58,650
decisionTree,cross-checkstyle-8.35,"{'criterion': 'entropy', 'max_depth': 10, 'splitter': 'best'}",69.23076923076923,40.909090909090914,51.42857142857142,98.51398601398601,9,4,1118,13,36243,526,35717,1144,22,1122
decisionTree,cross-jabref-5.0,"{'criterion': 'entropy', 'max_depth': 10, 'splitter': 'best'}",85.71428571428571,15.384615384615385,26.08695652173913,96.48033126293996,6,1,926,33,36421,509,35912,966,39,927
decisionTree,cross-log4j-2.13.3,"{'criterion': 'entropy', 'max_depth': 10, 'splitter': 'best'}",100.0,7.017543859649122,13.114754098360656,94.87427466150871,4,0,977,53,36353,491,35862,1034,57,977
decisionTree,10-fold_0,"{'criterion': 'entropy', 'max_depth': 10, 'splitter': 'random'}",62.16216216216216,29.677419354838708,40.174672489082965,98.78362780786647,46,28,11080,109,26124,393,25731,11263,155,11108
decisionTree,10-fold_1,"{'criterion': 'entropy', 'max_depth': 10, 'splitter': 'best'}",70.27027027027027,33.12101910828025,45.02164502164502,98.84775902739975,52,22,10843,105,26365,391,25974,11022,157,10865
decisionTree,10-fold_2,"{'criterion': 'entropy', 'max_depth': 10, 'splitter': 'best'}",54.54545454545454,32.926829268292686,41.064638783269956,98.6137197030677,54,45,10972,110,26206,384,25822,11181,164,11017
decisionTree,10-fold_3,"{'criterion': 'entropy', 'max_depth': 10, 'splitter': 'random'}",54.83870967741935,32.075471698113205,40.476190476190474,98.65168539325843,51,42,10924,108,26262,389,25873,11125,159,10966
decisionTree,10-fold_4,"{'criterion': 'entropy', 'max_depth': 10, 'splitter': 'best'}",48.24561403508772,34.59119496855346,40.29304029304029,98.55560478511298,55,59,11067,104,26102,389,25713,11285,159,11126
