model,system,best_params,precision,recall,f1,accuracy,tp,fp,tn,fn,num_train,num_pos_trn,num_neg_trn,num_test,num_pos_test,num_neg_test
decisionTree,cross-apache-ant-1.10.6,"{'criterion': 'gini', 'max_depth': 10, 'splitter': 'random'}",25.555555555555554,14.465408805031446,18.47389558232932,98.38812132761633,23,67,12368,136,24793,389,24404,12594,159,12435
decisionTree,cross-apache-httpcomponents-4.5.9,"{'criterion': 'entropy', 'max_depth': 10, 'splitter': 'random'}",0.0,0.0,0.0,98.30667920978364,0,8,3135,46,34198,502,33696,3189,46,3143
decisionTree,cross-argouml-0.35.4,"{'criterion': 'entropy', 'max_depth': 8, 'splitter': 'random'}",51.21951219512195,43.75,47.19101123595505,99.56025449101796,21,20,10620,27,26699,500,26199,10688,48,10640
decisionTree,cross-jedit-5.6pre0,"{'criterion': 'entropy', 'max_depth': 10, 'splitter': 'random'}",25.806451612903224,11.940298507462686,16.3265306122449,98.27404756893286,8,23,4661,59,32636,481,32155,4751,67,4684
decisionTree,cross-joda_time-2.10.3,"{'criterion': 'entropy', 'max_depth': 10, 'splitter': 'random'}",66.66666666666666,50.0,57.14285714285715,98.31387808041504,26,13,2248,26,35074,496,34578,2313,52,2261
decisionTree,cross-swarm-2.8.11,"{'criterion': 'entropy', 'max_depth': 10, 'splitter': 'random'}",100.0,5.172413793103448,9.836065573770492,92.2316384180791,3,0,650,55,36679,490,36189,708,58,650
decisionTree,cross-checkstyle-8.35,"{'criterion': 'entropy', 'max_depth': 8, 'splitter': 'best'}",0.0,0.0,0.0,97.46503496503497,0,7,1115,22,36243,526,35717,1144,22,1122
decisionTree,cross-jabref-5.0,"{'criterion': 'entropy', 'max_depth': 10, 'splitter': 'best'}",83.33333333333334,25.64102564102564,39.2156862745098,96.79089026915115,10,2,925,29,36421,509,35912,966,39,927
decisionTree,cross-log4j-2.13.3,"{'criterion': 'entropy', 'max_depth': 10, 'splitter': 'best'}",47.82608695652174,19.298245614035086,27.499999999999996,94.39071566731141,11,12,965,46,36353,491,35862,1034,57,977
decisionTree,10-fold_0,"{'criterion': 'entropy', 'max_depth': 10, 'splitter': 'random'}",39.166666666666664,27.647058823529413,32.41379310344827,98.26194909993792,47,73,11034,123,26110,378,25732,11277,170,11107
decisionTree,10-fold_1,"{'criterion': 'entropy', 'max_depth': 10, 'splitter': 'best'}",30.37974683544304,34.285714285714285,32.214765100671144,98.20412517780939,48,110,10998,92,26139,408,25731,11248,140,11108
decisionTree,10-fold_2,"{'criterion': 'entropy', 'max_depth': 10, 'splitter': 'best'}",30.62200956937799,37.8698224852071,33.86243386243386,97.76885319053994,64,145,10891,105,26182,379,25803,11205,169,11036
decisionTree,10-fold_3,"{'criterion': 'entropy', 'max_depth': 8, 'splitter': 'random'}",68.57142857142857,28.402366863905325,40.1673640167364,98.73462525440226,48,22,11110,121,26086,379,25707,11301,169,11132
decisionTree,10-fold_4,"{'criterion': 'entropy', 'max_depth': 8, 'splitter': 'best'}",32.967032967032964,34.883720930232556,33.89830508474576,97.92018487245578,60,122,10957,112,26136,376,25760,11251,172,11079
