model,system,best_params,precision,recall,f1,accuracy,tp,fp,tn,fn,num_train,num_pos_trn,num_neg_trn,num_test,num_pos_test,num_neg_test
decisionTree,cross-apache-ant-1.10.6,"{'criterion': 'entropy', 'max_depth': 8, 'splitter': 'best'}",21.153846153846153,20.754716981132077,20.952380952380956,98.02286803239639,33,123,12312,126,24793,389,24404,12594,159,12435
decisionTree,cross-apache-httpcomponents-4.5.9,"{'criterion': 'entropy', 'max_depth': 10, 'splitter': 'random'}",57.14285714285714,8.695652173913043,15.094339622641511,98.58889934148635,4,3,3140,42,34198,502,33696,3189,46,3143
decisionTree,cross-argouml-0.35.4,"{'criterion': 'entropy', 'max_depth': 10, 'splitter': 'best'}",16.783216783216783,50.0,25.130890052356026,98.66205089820359,24,119,10521,24,26699,500,26199,10688,48,10640
decisionTree,cross-jedit-5.6pre0,"{'criterion': 'entropy', 'max_depth': 10, 'splitter': 'best'}",27.27272727272727,26.865671641791046,27.06766917293233,97.95832456324985,18,48,4636,49,32636,481,32155,4751,67,4684
decisionTree,cross-joda_time-2.10.3,"{'criterion': 'entropy', 'max_depth': 10, 'splitter': 'best'}",18.181818181818183,3.8461538461538463,6.349206349206351,97.44920017293558,2,9,2252,50,35074,496,34578,2313,52,2261
decisionTree,cross-swarm-2.8.11,"{'criterion': 'entropy', 'max_depth': 10, 'splitter': 'best'}",52.94117647058824,15.517241379310345,24.000000000000004,91.94915254237289,9,8,642,49,36679,490,36189,708,58,650
decisionTree,cross-checkstyle-8.35,"{'criterion': 'entropy', 'max_depth': 10, 'splitter': 'best'}",33.33333333333333,31.818181818181817,32.558139534883715,97.46503496503497,7,14,1108,15,36243,526,35717,1144,22,1122
decisionTree,cross-jabref-5.0,"{'criterion': 'entropy', 'max_depth': 10, 'splitter': 'random'}",100.0,28.205128205128204,44.00000000000001,97.10144927536231,11,0,927,28,36421,509,35912,966,39,927
decisionTree,cross-log4j-2.13.3,"{'criterion': 'entropy', 'max_depth': 10, 'splitter': 'random'}",6.25,1.7543859649122806,2.73972602739726,93.13346228239845,1,15,962,56,36353,491,35862,1034,57,977
decisionTree,10-fold_0,"{'criterion': 'entropy', 'max_depth': 8, 'splitter': 'best'}",45.45454545454545,33.74233128834356,38.732394366197184,98.45566699210082,55,66,11038,108,26120,385,25735,11267,163,11104
decisionTree,10-fold_1,"{'criterion': 'entropy', 'max_depth': 10, 'splitter': 'random'}",39.83050847457627,28.834355828220858,33.45195729537367,98.31910112359552,47,71,10891,116,26262,385,25877,11125,163,10962
decisionTree,10-fold_2,"{'criterion': 'entropy', 'max_depth': 8, 'splitter': 'random'}",28.02547770700637,29.333333333333332,28.664495114006517,98.05038725184724,44,113,10970,106,26154,398,25756,11233,150,11083
decisionTree,10-fold_3,"{'criterion': 'entropy', 'max_depth': 8, 'splitter': 'best'}",27.857142857142858,26.71232876712329,27.27272727272727,98.14069902565478,39,101,10940,107,26200,402,25798,11187,146,11041
decisionTree,10-fold_4,"{'criterion': 'entropy', 'max_depth': 10, 'splitter': 'best'}",42.51968503937008,33.54037267080746,37.5,98.4043967733357,54,73,11047,107,26106,387,25719,11281,161,11120
