model,system,best_params,precision,recall,f1,accuracy,tp,fp,tn,fn,num_train,num_pos_trn,num_neg_trn,num_test,num_pos_test,num_neg_test
logisticRegression,cross-apache-ant-1.10.6,"{'C': 0.01, 'penalty': 'l1', 'solver': 'liblinear'}",0.0,0.0,0.0,98.73749404478322,0,0,12435,159,24793,389,24404,12594,159,12435
logisticRegression,cross-apache-httpcomponents-4.5.9,"{'C': 0.01, 'penalty': 'l1', 'solver': 'liblinear'}",0.0,0.0,0.0,98.55754154907494,0,0,3143,46,34198,502,33696,3189,46,3143
logisticRegression,cross-argouml-0.35.4,"{'C': 0.01, 'penalty': 'l1', 'solver': 'liblinear'}",0.0,0.0,0.0,99.55089820359282,0,0,10640,48,26699,500,26199,10688,48,10640
logisticRegression,cross-jedit-5.6pre0,"{'C': 0.01, 'penalty': 'l1', 'solver': 'liblinear'}",0.0,0.0,0.0,98.58977057461587,0,0,4684,67,32636,481,32155,4751,67,4684
logisticRegression,cross-joda_time-2.10.3,"{'C': 0.01, 'penalty': 'l1', 'solver': 'liblinear'}",0.0,0.0,0.0,97.75183744055339,0,0,2261,52,35074,496,34578,2313,52,2261
logisticRegression,cross-swarm-2.8.11,"{'C': 0.01, 'penalty': 'l1', 'solver': 'liblinear'}",0.0,0.0,0.0,91.80790960451978,0,0,650,58,36679,490,36189,708,58,650
logisticRegression,cross-checkstyle-8.35,"{'C': 0.01, 'penalty': 'l1', 'solver': 'liblinear'}",0.0,0.0,0.0,98.07692307692307,0,0,1122,22,36243,526,35717,1144,22,1122
logisticRegression,cross-jabref-5.0,"{'C': 0.01, 'penalty': 'l1', 'solver': 'liblinear'}",0.0,0.0,0.0,95.96273291925466,0,0,927,39,36421,509,35912,966,39,927
logisticRegression,cross-log4j-2.13.3,"{'C': 0.01, 'penalty': 'l1', 'solver': 'liblinear'}",0.0,0.0,0.0,94.48742746615088,0,0,977,57,36353,491,35862,1034,57,977
logisticRegression,10-fold_0,"{'C': 0.01, 'penalty': 'l1', 'solver': 'liblinear'}",0.0,0.0,0.0,98.69807811531308,0,0,11144,147,26096,401,25695,11291,147,11144
logisticRegression,10-fold_1,"{'C': 0.01, 'penalty': 'l1', 'solver': 'liblinear'}",0.0,0.0,0.0,98.39538447669702,0,0,10915,178,26294,370,25924,11093,178,10915
logisticRegression,10-fold_2,"{'C': 0.01, 'penalty': 'l1', 'solver': 'liblinear'}",0.0,0.0,0.0,98.8015509340853,0,0,11212,136,26039,412,25627,11348,136,11212
logisticRegression,10-fold_3,"{'C': 0.01, 'penalty': 'l1', 'solver': 'liblinear'}",0.0,0.0,0.0,98.5193019566367,0,0,11178,168,26041,380,25661,11346,168,11178
logisticRegression,10-fold_4,"{'C': 0.01, 'penalty': 'l1', 'solver': 'liblinear'}",0.0,0.0,0.0,98.67026055705301,0,0,10982,148,26257,400,25857,11130,148,10982
