model,system,best_params,precision,recall,f1,accuracy,tp,fp,tn,fn,num_train,num_pos_trn,num_neg_trn,num_test,num_pos_test,num_neg_test
logisticRegression,cross-apache-ant-1.10.6,"{'C': 0.01, 'penalty': 'l1', 'solver': 'liblinear'}",0.0,0.0,0.0,98.73749404478322,0,0,12435,159,30505,6101,24404,12594,159,12435
logisticRegression,cross-apache-httpcomponents-4.5.9,"{'C': 0.01, 'penalty': 'l1', 'solver': 'liblinear'}",0.0,0.0,0.0,98.55754154907494,0,0,3143,46,42120,8424,33696,3189,46,3143
logisticRegression,cross-argouml-0.35.4,"{'C': 0.01, 'penalty': 'l1', 'solver': 'liblinear'}",0.0,0.0,0.0,99.55089820359282,0,0,10640,48,32748,6549,26199,10688,48,10640
logisticRegression,cross-jedit-5.6pre0,"{'C': 0.01, 'penalty': 'l1', 'solver': 'liblinear'}",0.0,0.0,0.0,98.58977057461587,0,0,4684,67,40193,8038,32155,4751,67,4684
logisticRegression,cross-joda_time-2.10.3,"{'C': 0.01, 'penalty': 'l1', 'solver': 'liblinear'}",0.0,0.0,0.0,97.75183744055339,0,0,2261,52,43222,8644,34578,2313,52,2261
logisticRegression,cross-swarm-2.8.11,"{'C': 0.01, 'penalty': 'l1', 'solver': 'liblinear'}",0.0,0.0,0.0,91.80790960451978,0,0,650,58,45236,9047,36189,708,58,650
logisticRegression,cross-checkstyle-8.35,"{'C': 0.01, 'penalty': 'l1', 'solver': 'liblinear'}",0.0,0.0,0.0,98.07692307692307,0,0,1122,22,44646,8929,35717,1144,22,1122
logisticRegression,cross-jabref-5.0,"{'C': 0.01, 'penalty': 'l1', 'solver': 'liblinear'}",0.0,0.0,0.0,95.96273291925466,0,0,927,39,44890,8978,35912,966,39,927
logisticRegression,cross-log4j-2.13.3,"{'C': 0.01, 'penalty': 'l1', 'solver': 'liblinear'}",0.0,0.0,0.0,94.48742746615088,0,0,977,57,44827,8965,35862,1034,57,977
logisticRegression,10-fold_0,"{'C': 0.01, 'penalty': 'l1', 'solver': 'liblinear'}",0.0,0.0,0.0,98.5180638372501,0,0,11235,169,32005,6401,25604,11404,169,11235
logisticRegression,10-fold_1,"{'C': 0.01, 'penalty': 'l1', 'solver': 'liblinear'}",0.0,0.0,0.0,98.49504249291785,0,0,11126,170,32141,6428,25713,11296,170,11126
logisticRegression,10-fold_2,"{'C': 0.01, 'penalty': 'l1', 'solver': 'liblinear'}",0.0,0.0,0.0,98.4872753158925,0,0,11068,170,32213,6442,25771,11238,170,11068
logisticRegression,10-fold_3,"{'C': 0.01, 'penalty': 'l1', 'solver': 'liblinear'}",0.0,0.0,0.0,98.47103004291846,0,0,11013,171,32282,6456,25826,11184,171,11013
logisticRegression,10-fold_4,"{'C': 0.01, 'penalty': 'l1', 'solver': 'liblinear'}",0.0,0.0,0.0,98.62857142857143,0,0,11219,156,32025,6405,25620,11375,156,11219
