model,system,best_params,precision,recall,f1,accuracy,tp,fp,tn,fn,num_train,num_pos_trn,num_neg_trn,num_test,num_pos_test,num_neg_test
logisticRegression,cross-apache-ant-1.10.6,"{'C': 5, 'penalty': 'l2', 'solver': 'liblinear'}",36.84210526315789,8.80503144654088,14.213197969543149,98.65809115451802,14,24,12411,145,24793,389,24404,12594,159,12435
logisticRegression,cross-apache-httpcomponents-4.5.9,"{'C': 1, 'penalty': 'l2', 'solver': 'liblinear'}",0.0,0.0,0.0,98.55754154907494,0,0,3143,46,34198,502,33696,3189,46,3143
logisticRegression,cross-argouml-0.35.4,"{'C': 5, 'penalty': 'l1', 'solver': 'liblinear'}",0.0,0.0,0.0,99.54154191616766,0,1,10639,48,26699,500,26199,10688,48,10640
logisticRegression,cross-jedit-5.6pre0,"{'C': 1, 'penalty': 'l1', 'solver': 'liblinear'}",40.0,2.9850746268656714,5.555555555555556,98.56872237423701,2,3,4681,65,32636,481,32155,4751,67,4684
logisticRegression,cross-joda_time-2.10.3,"{'C': 1, 'penalty': 'l1', 'solver': 'liblinear'}",69.44444444444444,48.07692307692308,56.81818181818181,98.35711197578901,25,11,2250,27,35074,496,34578,2313,52,2261
logisticRegression,cross-swarm-2.8.11,"{'C': 1, 'penalty': 'l1', 'solver': 'liblinear'}",100.0,24.137931034482758,38.88888888888889,93.78531073446328,14,0,650,44,36679,490,36189,708,58,650
logisticRegression,cross-checkstyle-8.35,"{'C': 5, 'penalty': 'l1', 'solver': 'liblinear'}",50.0,4.545454545454546,8.333333333333334,98.07692307692307,1,1,1121,21,36243,526,35717,1144,22,1122
logisticRegression,cross-jabref-5.0,"{'C': 1, 'penalty': 'l1', 'solver': 'liblinear'}",100.0,15.384615384615385,26.66666666666667,96.58385093167702,6,0,927,33,36421,509,35912,966,39,927
logisticRegression,cross-log4j-2.13.3,"{'C': 1, 'penalty': 'l1', 'solver': 'liblinear'}",100.0,14.035087719298245,24.615384615384613,95.26112185686654,8,0,977,49,36353,491,35862,1034,57,977
logisticRegression,10-fold_0,"{'C': 1, 'penalty': 'l1', 'solver': 'liblinear'}",53.84615384615385,13.725490196078432,21.875,98.6580783682233,21,18,11007,132,26209,395,25814,11178,153,11025
logisticRegression,10-fold_1,"{'C': 1, 'penalty': 'l1', 'solver': 'liblinear'}",82.75862068965517,14.545454545454545,24.74226804123711,98.70590320865095,24,5,11112,141,26105,383,25722,11282,165,11117
logisticRegression,10-fold_2,"{'C': 1, 'penalty': 'l1', 'solver': 'liblinear'}",68.75,20.0,30.98591549295775,98.68066774367259,33,15,10962,132,26245,383,25862,11142,165,10977
logisticRegression,10-fold_3,"{'C': 1, 'penalty': 'l1', 'solver': 'liblinear'}",75.0,17.142857142857142,27.90697674418604,98.61173309449171,30,10,10980,145,26222,373,25849,11165,175,10990
logisticRegression,10-fold_4,"{'C': 1, 'penalty': 'l1', 'solver': 'liblinear'}",68.0,17.708333333333336,28.09917355371901,98.45223269880805,34,16,11034,158,26145,356,25789,11242,192,11050
