model,system,best_params,precision,recall,f1,accuracy,tp,fp,tn,fn,num_train,num_pos_trn,num_neg_trn,num_test,num_pos_test,num_neg_test
logisticRegression,cross-apache-ant-1.10.6,"{'C': 1, 'penalty': 'l1', 'solver': 'liblinear'}",34.48275862068966,6.289308176100629,10.638297872340427,98.66603144354454,10,19,12416,149,24793,389,24404,12594,159,12435
logisticRegression,cross-apache-httpcomponents-4.5.9,"{'C': 1, 'penalty': 'l1', 'solver': 'liblinear'}",0.0,0.0,0.0,98.55754154907494,0,0,3143,46,34198,502,33696,3189,46,3143
logisticRegression,cross-argouml-0.35.4,"{'C': 1, 'penalty': 'l1', 'solver': 'liblinear'}",0.0,0.0,0.0,99.54154191616766,0,1,10639,48,26699,500,26199,10688,48,10640
logisticRegression,cross-jedit-5.6pre0,"{'C': 1, 'penalty': 'l1', 'solver': 'liblinear'}",0.0,0.0,0.0,98.54767417385814,0,2,4682,67,32636,481,32155,4751,67,4684
logisticRegression,cross-joda_time-2.10.3,"{'C': 1, 'penalty': 'l1', 'solver': 'liblinear'}",71.42857142857143,48.07692307692308,57.47126436781609,98.40034587116298,25,10,2251,27,35074,496,34578,2313,52,2261
logisticRegression,cross-swarm-2.8.11,"{'C': 1, 'penalty': 'l1', 'solver': 'liblinear'}",100.0,24.137931034482758,38.88888888888889,93.78531073446328,14,0,650,44,36679,490,36189,708,58,650
logisticRegression,cross-checkstyle-8.35,"{'C': 1, 'penalty': 'l1', 'solver': 'liblinear'}",100.0,4.545454545454546,8.695652173913045,98.16433566433567,1,0,1122,21,36243,526,35717,1144,22,1122
logisticRegression,cross-jabref-5.0,"{'C': 1, 'penalty': 'l1', 'solver': 'liblinear'}",100.0,15.384615384615385,26.66666666666667,96.58385093167702,6,0,927,33,36421,509,35912,966,39,927
logisticRegression,cross-log4j-2.13.3,"{'C': 1, 'penalty': 'l1', 'solver': 'liblinear'}",100.0,12.280701754385964,21.875,95.16441005802709,7,0,977,50,36353,491,35862,1034,57,977
logisticRegression,10-fold_0,"{'C': 1, 'penalty': 'l1', 'solver': 'liblinear'}",74.4186046511628,18.497109826589593,29.629629629629623,98.65641297622204,32,11,11129,141,26074,375,25699,11313,173,11140
logisticRegression,10-fold_1,"{'C': 1, 'penalty': 'l1', 'solver': 'liblinear'}",66.66666666666666,14.102564102564102,23.28042328042328,98.71624612660469,22,11,11128,134,26092,392,25700,11295,156,11139
logisticRegression,10-fold_2,"{'C': 5, 'penalty': 'l1', 'solver': 'liblinear'}",81.25,15.66265060240964,26.262626262626267,98.68787633683831,26,6,10955,140,26260,382,25878,11127,166,10961
logisticRegression,10-fold_3,"{'C': 1, 'penalty': 'l1', 'solver': 'liblinear'}",77.41935483870968,16.3265306122449,26.96629213483146,98.8401142041399,24,7,11054,123,26179,401,25778,11208,147,11061
logisticRegression,10-fold_4,"{'C': 1, 'penalty': 'l1', 'solver': 'liblinear'}",70.0,13.20754716981132,22.222222222222225,98.69112278514825,21,9,11063,138,26156,389,25767,11231,159,11072
